date,price,total_score,signal,macd,boll,rsi,kdj,score_range
2023-10-18,23.42,5.1,HOLD,2.0,0.5,0.8,0.3,5-6
2023-10-19,24.93,4.5,HOLD,2.0,0.0,0.4,0.3,4-5
2023-10-20,27.03,4.5,HOLD,2.0,0.0,0.4,0.3,4-5
2023-10-21,29.32,4.3,HOLD,2.0,0.0,0.0,0.3,4-5
2023-10-22,29.05,3.8,HOLD,2.0,0.0,0.0,0.3,3-4
2023-10-23,31.88,4.3,HOLD,2.0,0.0,0.0,0.3,4-5
2023-10-24,30.17,3.6,HOLD,1.5,0.0,0.0,0.3,3-4
2023-10-25,32.44,4.1,HOLD,2.0,0.0,0.0,0.3,4-5
2023-10-26,32.77,3.3,HOLD,1.5,0.0,0.0,0.3,3-4
2023-10-27,31.73,3.3,HOLD,1.5,0.0,0.0,0.3,3-4
2023-10-28,31.63,2.7,HOLD,1.5,0.0,0.0,0.0,2-3
2023-10-29,32.83,3.4000000000000004,HOLD,1.5,0.0,0.0,0.7,3-4
2023-10-30,34.94,3.8,HOLD,2.0,0.0,0.0,0.3,3-4
2023-10-31,38.4,4.1,HOLD,2.0,0.0,0.0,0.3,4-5
2023-11-01,41.15,4.0,HOLD,2.0,0.0,0.0,0.0,4-5
2023-11-02,40.23,3.8,HOLD,2.0,0.0,0.0,0.0,3-4
2023-11-03,39.45,3.0,HOLD,1.5,0.0,0.0,0.0,3-4
2023-11-04,42.41,3.5,HOLD,2.0,0.0,0.0,0.0,3-4
2023-11-05,41.15,2.7,HOLD,1.5,0.0,0.0,0.0,2-3
2023-11-06,42.16,2.7,HOLD,1.5,0.0,0.0,0.0,2-3
2023-11-07,42.93,3.0,HOLD,1.5,0.0,0.0,0.0,3-4
2023-11-08,43.13,2.7,HOLD,1.5,0.0,0.0,0.0,2-3
2023-11-09,45.29,3.8,HOLD,2.0,0.0,0.0,0.0,3-4
2023-11-10,56.67,4.5,HOLD,2.0,0.0,0.0,0.7,4-5
2023-11-11,56.34,4.1,HOLD,2.0,0.0,0.0,0.3,4-5
2023-11-12,56.28,3.8,HOLD,2.0,0.0,0.0,0.3,3-4
2023-11-13,51.6,3.3,HOLD,1.5,0.0,0.0,0.0,3-4
2023-11-14,56.81,3.3,HOLD,1.5,0.0,0.0,0.0,3-4
2023-11-15,65.43,4.5,HOLD,2.0,0.0,0.0,0.7,4-5
2023-11-16,57.8,3.7,HOLD,1.5,0.0,0.4,0.0,3-4
2023-11-17,58.51,3.0,HOLD,1.5,0.0,0.0,0.0,3-4
2023-11-18,58.56,3.6,HOLD,1.5,0.5,0.4,0.0,3-4
2023-11-19,61.1,2.7,HOLD,1.5,0.0,0.0,0.0,2-3
2023-11-20,56.57,3.3,HOLD,1.5,0.5,0.4,0.0,3-4
2023-11-21,51.65,3.5999999999999996,HOLD,0.5,1.0,0.4,0.5,3-4
2023-11-22,57.56,3.1,HOLD,0.5,0.5,0.4,0.5,3-4
2023-11-23,56.51,2.8,HOLD,0.5,0.5,0.4,0.5,2-3
2023-11-24,56.86,3.2,HOLD,0.5,0.5,0.8,0.5,3-4
2023-11-25,58.82,4.5,HOLD,0.8,0.5,0.8,1.2,4-5
2023-11-26,57.57,3.8,HOLD,0.5,1.0,0.8,0.3,3-4
2023-11-27,55.06,4.0,HOLD,0.5,1.0,0.8,0.8,4-5
2023-11-28,58.18,4.4,HOLD,0.8,1.0,0.8,0.3,4-5
2023-11-29,59.31,4.6,HOLD,0.8,0.5,1.2,0.3,4-5
2023-11-30,59.3,3.9,HOLD,0.8,0.5,0.8,0.3,3-4
2023-12-01,59.75,3.9,HOLD,0.8,0.5,0.8,0.3,3-4
2023-12-02,63.66,3.0,HOLD,0.8,0.0,0.4,0.3,3-4
2023-12-03,62.98,3.4000000000000004,HOLD,0.8,0.0,0.8,0.3,3-4
2023-12-04,61.64,3.5,HOLD,0.5,0.5,0.4,0.3,3-4
2023-12-05,61.03,2.5999999999999996,HOLD,0.5,0.5,0.4,0.0,2-3
2023-12-06,61.85,3.2,HOLD,0.5,0.5,0.4,0.0,3-4
2023-12-07,67.74,3.3,HOLD,0.8,0.0,0.0,0.7,3-4
2023-12-08,74.94,4.1,HOLD,2.0,0.0,0.0,0.3,4-5
2023-12-09,72.3,3.8,HOLD,2.0,0.0,0.0,0.3,3-4
2023-12-10,74.87,3.5,HOLD,2.0,0.0,0.0,0.3,3-4
2023-12-11,70.25,3.3,HOLD,1.5,0.0,0.0,0.0,3-4
2023-12-12,68.6,3.5999999999999996,HOLD,1.5,0.5,0.4,0.0,3-4
2023-12-13,70.62,3.5999999999999996,HOLD,1.5,0.5,0.4,0.0,3-4
2023-12-14,75.68,4.2,HOLD,2.0,0.0,0.0,0.7,4-5
2023-12-15,72.51,3.9,HOLD,1.5,0.5,0.4,0.0,3-4
2023-12-16,73.72,3.6,HOLD,1.5,0.5,0.4,0.0,3-4
2023-12-17,70.87,2.3,HOLD,0.5,0.5,0.4,0.0,2-3
2023-12-18,74.42,3.2,HOLD,0.8,0.5,0.4,0.0,3-4
2023-12-19,73.0,2.9,HOLD,0.5,0.5,0.4,0.0,2-3
2023-12-20,82.21,4.8999999999999995,HOLD,2.0,0.0,0.4,0.7,4-5
2023-12-21,93.84,4.1,HOLD,2.0,0.0,0.0,0.3,4-5
2023-12-22,97.9,4.1,HOLD,2.0,0.0,0.0,0.3,4-5
2023-12-23,107.88,3.8,HOLD,2.0,0.0,0.0,0.3,3-4
2023-12-24,112.45,4.1,HOLD,2.0,0.0,0.0,0.3,4-5
2023-12-25,120.91,4.1,HOLD,2.0,0.0,0.0,0.3,4-5
2023-12-26,112.49,3.6,HOLD,1.5,0.0,0.0,0.3,3-4
2023-12-27,106.91,2.7,HOLD,1.5,0.0,0.0,0.0,2-3
2023-12-28,101.8,3.5999999999999996,HOLD,1.5,0.5,0.4,0.0,3-4
2023-12-29,106.17,3.2,HOLD,1.5,0.5,0.0,0.0,3-4
2023-12-30,101.9,3.3,HOLD,1.5,0.5,0.4,0.0,3-4
2023-12-31,101.72,2.8,HOLD,0.5,0.5,0.4,0.5,2-3
2024-01-01,109.91,3.0,HOLD,0.8,0.5,0.0,0.5,3-4
2024-01-02,106.73,3.4,HOLD,0.5,0.5,0.4,0.5,3-4
2024-01-03,98.52,3.9000000000000004,HOLD,0.5,1.0,0.4,0.5,3-4
2024-01-04,104.91,4.1,HOLD,0.5,0.5,0.4,1.2,4-5
2024-01-05,99.94,4.3,HOLD,0.5,1.0,0.8,0.8,4-5
2024-01-06,93.77,4.300000000000001,HOLD,0.5,1.5,1.2,0.5,4-5
2024-01-07,89.44,4.6000000000000005,HOLD,0.5,1.5,1.2,0.5,4-5
2024-01-08,97.88,5.5,HOLD,0.8,1.5,1.2,0.5,5-6
2024-01-09,99.36,5.8,HOLD,0.8,1.5,1.2,0.5,5-6
2024-01-10,102.0,5.0,HOLD,0.8,1.0,0.8,1.2,5-6
2024-01-11,99.9,5.1,HOLD,0.8,1.5,0.8,0.8,5-6
2024-01-12,92.12,5.1000000000000005,HOLD,0.5,2.0,1.2,0.5,5-6
2024-01-13,95.85,4.9,HOLD,0.8,1.5,0.8,1.2,4-5
2024-01-14,93.81,4.6000000000000005,HOLD,0.5,1.5,1.2,0.5,4-5
2024-01-15,94.36,4.6000000000000005,HOLD,0.8,1.5,1.2,0.5,4-5
2024-01-16,97.61,4.800000000000001,HOLD,0.8,1.0,1.2,1.2,4-5
2024-01-17,102.1,3.5999999999999996,HOLD,0.8,0.5,0.8,0.3,3-4
2024-01-18,94.4,4.9,HOLD,0.5,1.5,1.2,0.8,4-5
2024-01-19,93.62,4.6000000000000005,HOLD,0.5,1.5,1.2,0.5,4-5
2024-01-20,92.88,3.9,HOLD,0.5,1.5,0.8,0.5,3-4
2024-01-21,91.09,4.4,HOLD,0.5,2.0,0.8,0.5,4-5
2024-01-22,83.84,4.9,HOLD,0.0,2.0,1.2,0.5,4-5
2024-01-23,84.35,4.9,HOLD,0.0,2.0,1.2,0.5,4-5
2024-01-24,88.77,4.4,HOLD,0.3,1.5,1.2,0.5,4-5
2024-01-25,86.91,4.6000000000000005,HOLD,0.3,2.0,1.2,0.5,4-5
2024-01-26,92.28,4.2,HOLD,0.3,1.0,0.8,1.2,4-5
2024-01-27,94.28,3.0,HOLD,0.3,1.0,0.8,0.3,3-4
2024-01-28,95.98,3.1000000000000005,HOLD,0.3,0.5,0.8,0.3,3-4
2024-01-29,101.68,3.8999999999999995,HOLD,2.0,0.0,0.4,0.3,3-4
2024-01-30,101.4,4.3999999999999995,HOLD,1.5,0.0,0.8,0.3,4-5
2024-01-31,96.96,5.3,HOLD,1.5,0.5,1.2,0.3,5-6
2024-02-01,97.81,4.6,HOLD,1.5,0.5,0.8,0.3,4-5
2024-02-02,100.58,4.699999999999999,HOLD,2.0,0.5,0.4,0.3,4-5
2024-02-03,97.96,3.3,HOLD,1.5,0.5,0.4,0.0,3-4
2024-02-04,95.49,3.8,HOLD,1.5,1.0,0.4,0.0,3-4
2024-02-05,95.66,4.3,HOLD,1.5,1.0,0.4,0.5,4-5
2024-02-06,96.88,4.1,HOLD,1.5,0.5,0.4,0.5,4-5
2024-02-07,101.14,4.4,HOLD,2.0,0.0,0.4,0.5,4-5
2024-02-08,102.76,4.2,HOLD,2.0,0.0,0.0,0.7,4-5
2024-02-09,106.94,4.1,HOLD,2.0,0.0,0.0,0.3,4-5
2024-02-10,109.01,3.8,HOLD,2.0,0.0,0.0,0.3,3-4
2024-02-11,107.46,3.9,HOLD,2.0,0.0,0.4,0.3,3-4
2024-02-12,111.64,4.5,HOLD,2.0,0.0,0.4,0.3,4-5
2024-02-13,112.48,4.5,HOLD,2.0,0.0,0.4,0.3,4-5
2024-02-14,116.97,3.8,HOLD,2.0,0.0,0.0,0.3,3-4
2024-02-15,113.5,3.3,HOLD,1.5,0.0,0.0,0.3,3-4
2024-02-16,110.33,3.5999999999999996,HOLD,1.5,0.5,0.4,0.0,3-4
2024-02-17,108.92,3.3,HOLD,1.5,0.5,0.4,0.0,3-4
2024-02-18,112.24,2.9000000000000004,HOLD,1.5,0.5,0.0,0.0,2-3
2024-02-19,111.53,3.2,HOLD,1.5,0.5,0.0,0.0,3-4
2024-02-20,108.31,3.4000000000000004,HOLD,0.5,1.0,0.4,0.0,3-4
2024-02-21,105.03,3.5999999999999996,HOLD,0.5,1.0,0.4,0.5,3-4
2024-02-22,101.76,4.2,HOLD,0.5,1.5,0.8,0.5,4-5
2024-02-23,99.9,4.6000000000000005,HOLD,0.5,1.5,1.2,0.5,4-5
2024-02-24,104.01,4.6000000000000005,HOLD,0.8,1.5,1.2,0.5,4-5
2024-02-25,103.47,4.6000000000000005,HOLD,0.8,1.5,1.2,0.5,4-5
2024-02-26,109.9,4.8,HOLD,0.8,0.5,0.8,1.2,4-5
2024-02-27,108.36,5.3,HOLD,0.8,1.0,1.2,0.8,5-6
2024-02-28,119.03,4.8,HOLD,2.0,0.0,0.8,0.3,4-5
2024-02-29,125.68,4.699999999999999,HOLD,2.0,0.0,0.4,0.3,4-5
2024-03-01,129.43,4.5,HOLD,2.0,0.0,0.4,0.3,4-5
2024-03-02,130.02,3.5,HOLD,2.0,0.0,0.0,0.3,3-4
2024-03-03,130.16,4.199999999999999,HOLD,2.0,0.0,0.4,0.3,4-5
2024-03-04,133.27,3.8,HOLD,2.0,0.0,0.0,0.3,3-4
2024-03-05,125.31,4.3999999999999995,HOLD,1.5,0.5,0.4,0.3,4-5
2024-03-06,130.79,3.0,HOLD,1.5,0.0,0.0,0.0,3-4
2024-03-07,143.82,4.2,HOLD,2.0,0.0,0.0,0.7,4-5
2024-03-08,144.79,3.8,HOLD,2.0,0.0,0.0,0.3,3-4
2024-03-09,144.29,3.0,HOLD,1.5,0.0,0.0,0.3,3-4
2024-03-10,144.39,3.0,HOLD,1.5,0.0,0.0,0.3,3-4
2024-03-11,148.83,3.3,HOLD,1.5,0.0,0.0,0.3,3-4
2024-03-12,151.05,3.3,HOLD,1.5,0.0,0.0,0.3,3-4
2024-03-13,163.9,3.8,HOLD,2.0,0.0,0.0,0.3,3-4
2024-03-14,176.65,3.8,HOLD,2.0,0.0,0.0,0.3,3-4
2024-03-15,183.95,4.1,HOLD,2.0,0.0,0.0,0.3,4-5
2024-03-16,182.05,3.8,HOLD,2.0,0.0,0.0,0.0,3-4
2024-03-17,201.86,4.2,HOLD,2.0,0.0,0.0,0.7,4-5
2024-03-18,195.92,3.3,HOLD,1.5,0.0,0.0,0.0,3-4
2024-03-19,169.82,3.9000000000000004,HOLD,1.5,0.5,0.4,0.0,3-4
2024-03-20,191.77,3.0,HOLD,1.5,0.0,0.0,0.0,3-4
2024-03-21,179.46,3.3,HOLD,1.5,0.5,0.4,0.0,3-4
2024-03-22,175.21,3.3,HOLD,1.5,0.5,0.4,0.0,3-4
2024-03-23,172.65,2.8,HOLD,0.5,0.5,0.4,0.5,2-3
2024-03-24,183.88,3.1,HOLD,0.5,0.5,0.4,0.5,3-4
2024-03-25,188.99,3.4000000000000004,HOLD,0.8,0.5,0.4,0.5,3-4
2024-03-26,190.46,2.9000000000000004,HOLD,0.8,0.5,0.4,0.0,2-3
2024-03-27,186.33,3.3,HOLD,0.5,0.5,0.4,0.7,3-4
2024-03-28,189.63,2.9,HOLD,0.5,0.5,0.4,0.3,2-3
2024-03-29,192.01,3.6,HOLD,0.8,0.5,0.8,0.3,3-4
2024-03-30,194.2,3.6,HOLD,0.8,0.5,0.8,0.3,3-4
2024-03-31,202.45,3.1,HOLD,0.8,0.0,0.8,0.3,3-4
2024-04-01,192.24,3.3,HOLD,0.5,0.5,0.8,0.3,3-4
2024-04-02,181.53,3.9000000000000004,HOLD,0.5,1.5,0.4,0.0,3-4
2024-04-03,185.05,4.0,HOLD,0.5,1.0,0.8,0.5,4-5
2024-04-04,184.0,4.0,HOLD,0.5,1.0,0.8,0.5,4-5
2024-04-05,174.37,4.7,HOLD,0.5,2.0,0.8,0.5,4-5
2024-04-06,178.68,3.9,HOLD,0.5,1.5,0.8,0.5,3-4
2024-04-07,179.52,4.2,HOLD,0.8,1.5,0.8,0.5,4-5
2024-04-08,180.68,4.9,HOLD,0.8,1.5,1.2,0.5,4-5
2024-04-09,172.42,5.1000000000000005,HOLD,0.5,2.0,1.2,0.5,5-6
2024-04-10,173.31,5.4,HOLD,0.8,2.0,1.2,0.5,5-6
2024-04-11,172.37,5.4,HOLD,0.8,2.0,1.2,0.5,5-6
2024-04-12,153.16,5.7,HOLD,0.5,2.0,1.5,0.5,5-6
2024-04-13,138.47,5.4,HOLD,0.0,2.0,1.5,0.5,5-6
2024-04-14,151.25,6.4,BUY,0.3,2.0,1.5,1.2,6-7
2024-04-15,138.51,5.5,HOLD,0.0,2.0,1.5,0.8,5-6
2024-04-16,136.22,5.2,HOLD,0.0,2.0,1.5,0.5,5-6
2024-04-17,131.84,5.1,HOLD,0.3,2.0,1.5,0.5,5-6
2024-04-18,142.07,5.9,HOLD,0.3,2.0,1.5,1.2,5-6
2024-04-19,142.5,5.0,HOLD,0.3,1.5,1.2,0.8,5-6
2024-04-20,151.22,4.4,HOLD,0.3,1.5,1.2,0.8,4-5
2024-04-21,148.8,3.9,HOLD,0.3,1.5,1.2,0.3,3-4
2024-04-22,156.95,3.4,HOLD,0.3,1.0,1.2,0.3,3-4
2024-04-23,154.75,5.1000000000000005,HOLD,2.0,1.0,1.2,0.3,5-6
2024-04-24,147.78,5.4,HOLD,1.5,1.5,1.2,0.3,5-6
2024-04-25,144.84,4.6000000000000005,HOLD,1.0,1.5,1.2,0.3,4-5
2024-04-26,139.23,3.3000000000000003,HOLD,0.0,1.5,1.2,0.0,3-4
2024-04-27,141.31,2.9,HOLD,0.0,1.5,0.8,0.0,2-3
2024-04-28,137.99,3.4000000000000004,HOLD,0.0,1.5,1.2,0.5,3-4
2024-04-29,137.77,3.3,HOLD,0.0,1.5,0.8,0.5,3-4
2024-04-30,126.77,4.5,HOLD,0.0,2.0,1.2,0.5,4-5
2024-05-01,134.64,3.9000000000000004,HOLD,0.3,1.5,0.8,0.5,3-4
2024-05-02,137.58,3.6,HOLD,0.3,1.5,0.8,0.5,3-4
2024-05-03,143.69,5.4,HOLD,2.0,1.0,0.8,0.7,5-6
2024-05-04,146.05,4.0,HOLD,1.5,0.5,0.8,0.3,4-5
2024-05-05,145.73,4.0,HOLD,1.5,0.5,0.8,0.3,4-5
2024-05-06,152.82,3.8,HOLD,1.5,0.0,0.8,0.3,3-4
2024-05-07,148.03,5.0,HOLD,1.5,0.5,1.2,0.3,5-6
2024-05-08,142.18,3.5999999999999996,HOLD,1.0,1.0,0.8,0.3,3-4
2024-05-09,152.57,4.199999999999999,HOLD,1.5,0.5,0.4,0.3,4-5
2024-05-10,146.01,4.0,HOLD,1.0,1.0,0.8,0.0,4-5
2024-05-11,145.42,3.7,HOLD,1.0,1.0,0.8,0.0,3-4
2024-05-12,143.43,3.5,HOLD,1.0,1.0,0.8,0.5,3-4
2024-05-13,147.54,4.7,HOLD,1.5,0.5,0.4,0.5,4-5
2024-05-14,142.03,3.4,HOLD,1.0,1.0,0.4,0.5,3-4
2024-05-15,158.52,4.3999999999999995,HOLD,1.5,0.0,0.4,0.7,4-5
2024-05-16,159.37,3.6999999999999997,HOLD,1.5,0.0,0.4,0.3,3-4
2024-05-17,169.44,3.6999999999999997,HOLD,1.5,0.0,0.4,0.3,3-4
2024-05-18,172.4,3.6999999999999997,HOLD,1.5,0.0,0.4,0.3,3-4
2024-05-19,169.93,3.9,HOLD,2.0,0.0,0.4,0.3,3-4
2024-05-20,186.7,4.5,HOLD,2.0,0.0,0.4,0.3,4-5
2024-05-21,178.15,4.0,HOLD,1.5,0.0,0.4,0.3,4-5
2024-05-22,176.95,3.6999999999999997,HOLD,1.5,0.0,0.4,0.3,3-4
2024-05-23,176.16,3.7,HOLD,1.5,0.0,0.4,0.0,3-4
2024-05-24,167.7,3.5999999999999996,HOLD,1.5,0.5,0.4,0.0,3-4
2024-05-25,168.35,3.3,HOLD,1.5,0.5,0.4,0.0,3-4
2024-05-26,163.41,4.3,HOLD,1.5,1.0,0.4,0.5,4-5
2024-05-27,170.15,4.1,HOLD,1.5,0.5,0.4,0.5,4-5
2024-05-28,168.68,3.0999999999999996,HOLD,0.5,0.5,0.4,0.5,3-4
2024-05-29,168.32,3.3,HOLD,0.5,1.0,0.4,0.5,3-4
2024-05-30,166.88,3.5999999999999996,HOLD,0.5,1.0,0.4,0.5,3-4
2024-05-31,165.65,3.7,HOLD,0.5,1.0,0.8,0.5,3-4
2024-06-01,166.14,4.1000000000000005,HOLD,0.5,1.0,1.2,0.5,4-5
2024-06-02,163.15,4.300000000000001,HOLD,0.5,1.5,1.2,0.5,4-5
2024-06-03,164.89,5.2,HOLD,0.5,1.5,1.5,0.5,5-6
2024-06-04,171.78,5.7,HOLD,0.8,1.0,1.2,1.2,5-6
2024-06-05,173.54,3.9,HOLD,0.8,0.5,0.8,0.3,3-4
2024-06-06,170.15,4.8,HOLD,0.8,1.0,1.2,0.3,4-5
2024-06-07,162.5,5.2,HOLD,0.5,2.0,1.2,0.3,5-6
2024-06-08,157.83,4.4,HOLD,0.5,2.0,1.2,0.5,4-5
2024-06-09,162.12,3.9,HOLD,0.5,1.5,0.8,0.5,3-4
2024-06-10,159.05,4.7,HOLD,0.5,2.0,1.2,0.5,4-5
2024-06-11,149.31,4.5,HOLD,0.0,2.0,1.2,0.5,4-5
2024-06-12,155.22,4.8,HOLD,0.3,2.0,1.2,0.5,4-5
2024-06-13,147.29,4.2,HOLD,0.0,2.0,1.2,0.5,4-5
2024-06-14,143.05,4.5,HOLD,0.0,2.0,1.2,0.5,4-5
2024-06-15,145.52,4.2,HOLD,0.3,2.0,1.2,0.5,4-5
2024-06-16,151.3,4.4,HOLD,0.3,1.5,1.2,1.2,4-5
2024-06-17,143.27,4.5,HOLD,0.0,2.0,1.2,0.5,4-5
2024-06-18,137.41,5.0,HOLD,0.0,2.0,1.5,0.5,5-6
2024-06-19,135.62,4.5,HOLD,0.0,2.0,1.5,0.5,4-5
2024-06-20,133.55,4.5,HOLD,0.0,2.0,1.5,0.5,4-5
2024-06-21,134.6,4.8,HOLD,0.3,2.0,1.5,0.5,4-5
2024-06-22,133.69,4.2,HOLD,0.3,2.0,1.2,0.5,4-5
2024-06-23,128.69,4.5,HOLD,0.3,2.0,1.5,0.5,4-5
2024-06-24,132.33,5.3,HOLD,0.3,1.5,1.5,1.2,5-6
2024-06-25,136.58,4.3,HOLD,0.3,1.5,1.2,0.8,4-5
2024-06-26,136.81,4.0,HOLD,0.3,1.5,1.2,0.8,4-5
2024-06-27,149.71,5.1,HOLD,2.0,0.5,0.8,0.3,5-6
2024-06-28,140.03,4.1,HOLD,1.5,1.0,0.8,0.3,4-5
2024-06-29,140.28,3.8,HOLD,1.5,1.0,0.8,0.3,3-4
2024-06-30,146.61,4.0,HOLD,1.5,0.5,0.8,0.3,4-5
2024-07-01,146.67,4.0,HOLD,1.5,0.5,0.8,0.3,4-5
2024-07-02,154.03,3.6999999999999997,HOLD,1.5,0.0,0.4,0.3,3-4
2024-07-03,140.84,3.5999999999999996,HOLD,1.0,1.0,0.8,0.0,3-4
2024-07-04,127.86,5.1,HOLD,1.0,2.0,0.8,0.5,5-6
2024-07-05,134.32,4.8,HOLD,1.0,1.5,0.8,0.5,4-5
2024-07-06,143.05,3.6,HOLD,1.5,0.5,0.4,0.0,3-4
2024-07-07,131.64,4.0,HOLD,1.0,1.5,0.8,0.5,4-5
2024-07-08,139.81,5.3,HOLD,1.5,1.0,0.8,0.5,5-6
2024-07-09,141.42,4.7,HOLD,1.5,0.5,0.8,0.7,4-5
2024-07-10,141.98,4.0,HOLD,1.5,0.5,0.8,0.3,4-5
2024-07-11,135.73,4.2,HOLD,1.0,1.5,1.2,0.0,4-5
2024-07-12,139.46,5.2,HOLD,1.5,1.0,0.8,0.7,5-6
2024-07-13,141.9,4.8,HOLD,1.5,1.0,0.8,0.3,4-5
2024-07-14,147.66,4.6,HOLD,1.5,0.5,0.8,0.3,4-5
2024-07-15,159.38,3.6999999999999997,HOLD,1.5,0.0,0.4,0.3,3-4
2024-07-16,160.62,4.3999999999999995,HOLD,1.5,0.0,0.8,0.3,4-5
2024-07-17,155.5,3.2,HOLD,1.0,0.0,0.4,0.3,3-4
2024-07-18,159.22,3.8,HOLD,2.0,0.0,0.0,0.3,3-4
2024-07-19,169.13,4.1,HOLD,2.0,0.0,0.0,0.3,4-5
2024-07-20,173.6,3.5,HOLD,2.0,0.0,0.0,0.3,3-4
2024-07-21,184.49,4.1,HOLD,2.0,0.0,0.0,0.3,4-5
2024-07-22,178.9,3.3,HOLD,1.5,0.0,0.0,0.3,3-4
2024-07-23,173.03,3.0,HOLD,1.5,0.0,0.0,0.0,3-4
2024-07-24,178.06,3.0,HOLD,1.5,0.0,0.0,0.0,3-4
2024-07-25,171.85,3.5,HOLD,1.5,0.5,0.0,0.0,3-4
2024-07-26,183.06,3.0,HOLD,1.5,0.0,0.0,0.0,3-4
2024-07-27,183.92,3.7,HOLD,1.5,0.0,0.0,0.7,3-4
2024-07-28,184.9,3.0,HOLD,1.5,0.0,0.0,0.3,3-4
2024-07-29,182.57,3.9,HOLD,1.5,0.5,0.4,0.0,3-4
2024-07-30,179.16,3.5999999999999996,HOLD,1.5,0.5,0.4,0.0,3-4
2024-07-31,171.71,3.0999999999999996,HOLD,0.5,1.0,0.4,0.0,3-4
2024-08-01,167.37,3.9000000000000004,HOLD,0.5,1.0,0.4,0.5,3-4
2024-08-02,152.77,5.0,HOLD,0.5,2.0,1.2,0.5,5-6
2024-08-03,142.52,5.0,HOLD,0.5,2.0,1.2,0.5,5-6
2024-08-04,138.33,5.3,HOLD,0.5,2.0,1.5,0.5,5-6
2024-08-05,129.78,5.0,HOLD,0.0,2.0,1.5,0.5,5-6
2024-08-06,144.4,4.8,HOLD,0.3,2.0,1.2,0.5,4-5
2024-08-07,144.77,5.2,HOLD,0.3,2.0,1.2,1.2,5-6
2024-08-08,163.13,3.8000000000000003,HOLD,0.3,1.0,0.8,0.8,3-4
2024-08-09,156.28,3.9,HOLD,0.3,1.5,1.2,0.3,3-4
2024-08-10,154.01,3.5,HOLD,0.3,1.5,1.2,0.3,3-4
2024-08-11,141.57,3.2,HOLD,0.0,1.5,1.2,0.3,3-4
2024-08-12,146.29,3.5,HOLD,0.3,1.5,1.2,0.3,3-4
2024-08-13,146.65,3.5,HOLD,0.3,1.5,1.2,0.3,3-4
2024-08-14,143.71,3.2,HOLD,0.3,1.5,1.2,0.0,3-4
2024-08-15,142.58,4.0,HOLD,0.3,1.5,1.2,0.5,4-5
2024-08-16,139.04,3.7,HOLD,0.0,1.5,1.2,0.5,3-4
2024-08-17,141.93,3.3000000000000003,HOLD,0.3,1.5,0.8,0.5,3-4
2024-08-18,142.42,3.3000000000000003,HOLD,0.3,1.5,0.8,0.5,3-4
2024-08-19,144.29,2.7,HOLD,0.3,1.0,0.4,0.5,2-3
2024-08-20,142.27,3.6,HOLD,0.3,1.5,0.8,0.5,3-4
2024-08-21,142.79,3.5,HOLD,0.3,1.0,0.8,1.2,3-4
2024-08-22,143.22,3.8,HOLD,0.3,1.0,1.5,0.8,3-4
2024-08-23,153.26,5.1,HOLD,2.0,0.5,0.8,0.3,5-6
2024-08-24,160.67,3.7,HOLD,1.5,0.0,0.4,0.3,3-4
2024-08-25,158.92,3.3,HOLD,1.5,0.0,0.0,0.3,3-4
2024-08-26,157.12,4.199999999999999,HOLD,1.5,0.5,0.4,0.3,4-5
2024-08-27,146.79,4.3,HOLD,1.0,1.0,0.8,0.0,4-5
2024-08-28,143.95,4.6,HOLD,1.0,1.5,0.8,0.5,4-5
2024-08-29,140.0,4.3,HOLD,1.0,1.5,0.8,0.5,4-5
2024-08-30,137.99,3.5999999999999996,HOLD,0.0,1.5,0.8,0.5,3-4
2024-08-31,135.35,3.9000000000000004,HOLD,0.0,2.0,1.2,0.5,3-4
2024-09-01,128.5,4.2,HOLD,0.0,2.0,1.2,0.5,4-5
2024-09-02,134.94,4.0,HOLD,0.3,1.5,1.2,0.5,4-5
2024-09-03,127.54,4.2,HOLD,0.0,2.0,1.2,0.5,4-5
2024-09-04,133.64,4.0,HOLD,0.3,1.5,1.2,0.5,4-5
2024-09-05,129.41,5.2,HOLD,0.3,2.0,1.2,1.2,5-6
2024-09-06,125.05,4.8,HOLD,0.0,2.0,1.5,0.5,4-5
2024-09-07,127.71,5.2,HOLD,0.3,2.0,1.5,1.2,5-6
2024-09-08,130.15,4.3,HOLD,0.3,1.5,1.5,0.8,4-5
2024-09-09,135.08,4.1,HOLD,0.3,1.5,1.2,0.3,4-5
2024-09-10,135.63,4.7,HOLD,2.0,1.0,1.2,0.3,4-5
2024-09-11,132.42,5.0,HOLD,1.5,1.5,1.2,0.3,5-6
2024-09-12,136.05,3.8,HOLD,1.5,1.0,0.8,0.3,3-4
2024-09-13,139.02,4.1,HOLD,1.5,1.0,0.8,0.3,4-5
2024-09-14,137.14,3.8,HOLD,1.5,1.0,0.8,0.3,3-4
2024-09-15,131.37,3.5,HOLD,1.0,1.5,0.8,0.0,3-4
2024-09-16,131.47,3.8,HOLD,1.0,1.5,0.8,0.0,3-4
2024-09-17,131.54,3.3,HOLD,1.0,1.0,0.8,0.0,3-4
2024-09-18,134.34,3.5999999999999996,HOLD,1.5,0.5,0.8,0.0,3-4
2024-09-19,142.89,4.1,HOLD,1.5,0.0,0.4,0.7,4-5
2024-09-20,146.66,3.6,HOLD,1.5,0.0,0.0,0.3,3-4
2024-09-21,149.41,3.0,HOLD,1.5,0.0,0.0,0.3,3-4
2024-09-22,144.63,3.2,HOLD,1.0,0.0,0.4,0.3,3-4
2024-09-23,144.79,3.2,HOLD,1.0,0.0,0.4,0.3,3-4
2024-09-24,152.73,4.0,HOLD,1.5,0.0,0.4,0.3,4-5
2024-09-25,147.98,3.6999999999999997,HOLD,1.5,0.0,0.4,0.3,3-4
2024-09-26,155.55,4.5,HOLD,2.0,0.0,0.4,0.3,4-5
2024-09-27,157.64,4.199999999999999,HOLD,2.0,0.0,0.4,0.3,4-5
2024-09-28,156.75,3.4,HOLD,1.5,0.0,0.4,0.3,3-4
2024-09-29,158.46,3.0,HOLD,1.5,0.0,0.0,0.3,3-4
2024-09-30,152.49,3.5999999999999996,HOLD,1.5,0.5,0.4,0.0,3-4
2024-10-01,145.13,4.4,HOLD,1.5,1.0,0.4,0.0,4-5
2024-10-02,140.18,3.8,HOLD,0.5,1.5,0.8,0.5,3-4
2024-10-03,136.82,4.2,HOLD,0.5,1.5,1.2,0.5,4-5
2024-10-04,143.24,3.3,HOLD,0.5,1.0,0.8,0.5,3-4
2024-10-05,142.59,3.4000000000000004,HOLD,0.5,1.0,1.2,0.5,3-4
2024-10-06,146.48,4.0,HOLD,0.8,1.0,0.8,0.5,4-5
2024-10-07,143.96,4.3999999999999995,HOLD,0.8,1.5,0.8,0.5,4-5
2024-10-08,143.49,4.2,HOLD,0.8,1.5,1.2,0.5,4-5
2024-10-09,139.33,4.4,HOLD,0.5,2.0,1.2,0.5,4-5
2024-10-10,139.03,3.9000000000000004,HOLD,0.0,2.0,1.2,0.5,3-4
2024-10-11,145.53,4.2,HOLD,0.3,1.0,1.2,1.2,4-5
2024-10-12,146.4,4.2,HOLD,0.8,1.0,1.2,0.3,4-5
2024-10-13,147.74,4.2,HOLD,0.8,1.0,1.2,0.3,4-5
2024-10-14,157.59,4.6,HOLD,2.0,0.0,0.8,0.3,4-5
2024-10-15,154.76,4.7,HOLD,2.0,0.5,0.4,0.3,4-5
2024-10-16,154.28,4.699999999999999,HOLD,2.0,0.5,0.4,0.3,4-5
2024-10-17,150.5,3.8999999999999995,HOLD,1.5,0.5,0.4,0.3,3-4
2024-10-18,154.94,3.9,HOLD,2.0,0.0,0.4,0.3,3-4
2024-10-19,159.79,3.9,HOLD,2.0,0.0,0.4,0.3,3-4
2024-10-20,167.4,3.8,HOLD,2.0,0.0,0.0,0.3,3-4
2024-10-21,166.17,4.1,HOLD,2.0,0.0,0.0,0.3,4-5
2024-10-22,167.59,4.1,HOLD,2.0,0.0,0.0,0.3,4-5
2024-10-23,170.85,4.1,HOLD,2.0,0.0,0.0,0.3,4-5
2024-10-24,177.19,3.8,HOLD,2.0,0.0,0.0,0.3,3-4
2024-10-25,164.9,3.9000000000000004,HOLD,1.5,0.5,0.4,0.0,3-4
2024-10-26,170.88,3.4,HOLD,1.5,0.0,0.4,0.0,3-4
2024-10-27,176.63,3.9000000000000004,HOLD,2.0,0.0,0.0,0.7,3-4
2024-10-28,178.29,4.199999999999999,HOLD,2.0,0.0,0.4,0.3,4-5
2024-10-29,179.42,3.3,HOLD,1.5,0.0,0.0,0.3,3-4
2024-10-30,174.87,3.6,HOLD,1.5,0.5,0.4,0.0,3-4
2024-10-31,168.69,3.3,HOLD,1.5,0.5,0.4,0.0,3-4
2024-11-01,166.1,3.0999999999999996,HOLD,0.5,1.0,0.4,0.0,3-4
2024-11-02,166.17,3.3,HOLD,0.5,1.0,0.4,0.5,3-4
2024-11-03,162.53,4.2,HOLD,0.5,1.5,0.8,0.5,4-5
2024-11-04,157.95,4.6000000000000005,HOLD,0.5,1.5,1.2,0.5,4-5
2024-11-05,166.62,4.6,HOLD,0.8,1.0,0.8,0.5,4-5
2024-11-06,186.59,3.9000000000000004,HOLD,0.8,0.0,0.4,0.7,3-4
2024-11-07,196.35,4.199999999999999,HOLD,2.0,0.0,0.4,0.3,4-5
2024-11-08,199.85,4.1,HOLD,2.0,0.0,0.0,0.3,4-5
2024-11-09,199.89,3.5,HOLD,2.0,0.0,0.0,0.3,3-4
2024-11-10,210.07,4.1,HOLD,2.0,0.0,0.0,0.3,4-5
2024-11-11,222.13,4.1,HOLD,2.0,0.0,0.0,0.3,4-5
2024-11-12,211.64,4.0,HOLD,1.5,0.0,0.4,0.3,4-5
2024-11-13,215.13,3.6,HOLD,1.5,0.0,0.0,0.3,3-4
2024-11-14,209.57,3.2,HOLD,1.5,0.5,0.0,0.0,3-4
2024-11-15,218.45,3.4000000000000004,HOLD,1.5,0.0,0.0,0.7,3-4
2024-11-16,215.71,3.2,HOLD,1.5,0.5,0.0,0.0,3-4
2024-11-17,237.47,4.5,HOLD,2.0,0.0,0.0,0.7,4-5
2024-11-18,239.79,3.8,HOLD,2.0,0.0,0.0,0.3,3-4
2024-11-19,237.63,2.7,HOLD,1.5,0.0,0.0,0.0,2-3
2024-11-20,235.48,2.7,HOLD,1.5,0.0,0.0,0.0,2-3
2024-11-21,256.37,4.2,HOLD,2.0,0.0,0.0,0.7,4-5
2024-11-22,256.9,3.5,HOLD,2.0,0.0,0.0,0.3,3-4
2024-11-23,254.89,3.0,HOLD,1.5,0.0,0.0,0.3,3-4
2024-11-24,252.73,2.7,HOLD,1.5,0.0,0.0,0.0,2-3
2024-11-25,234.18,3.5999999999999996,HOLD,1.5,0.5,0.4,0.0,3-4
2024-11-26,230.69,3.0999999999999996,HOLD,0.5,1.0,0.4,0.0,3-4
2024-11-27,241.96,2.3,HOLD,0.5,0.5,0.4,0.0,2-3
2024-11-28,237.59,3.3,HOLD,0.5,1.0,0.4,0.5,3-4
2024-11-29,243.33,3.1,HOLD,0.5,0.5,0.4,0.5,3-4
2024-11-30,237.6,3.3,HOLD,0.5,1.0,0.4,0.5,3-4
2024-12-01,236.8,3.7,HOLD,0.5,1.0,0.8,0.5,3-4
2024-12-02,225.72,4.9,HOLD,0.5,1.5,1.2,0.5,4-5
2024-12-03,233.92,4.6000000000000005,HOLD,0.8,1.0,0.8,0.5,4-5
2024-12-04,229.15,4.2,HOLD,0.5,1.5,0.8,0.5,4-5
2024-12-05,235.84,6.0,BUY,0.8,1.0,1.2,1.2,6-7
2024-12-06,236.87,4.5,HOLD,0.8,1.0,1.2,0.3,4-5
2024-12-07,238.14,4.2,HOLD,0.8,1.0,1.2,0.3,4-5
2024-12-08,237.02,4.2,HOLD,0.8,1.0,1.2,0.3,4-5
2024-12-09,216.63,4.9,HOLD,0.5,2.0,1.2,0.0,4-5
2024-12-10,213.6,5.4,HOLD,0.5,2.0,1.2,0.5,5-6
2024-12-11,227.29,4.9,HOLD,0.8,1.5,1.2,0.5,4-5
2024-12-12,226.96,5.300000000000001,HOLD,0.8,1.5,1.2,1.2,5-6
2024-12-13,224.79,4.9,HOLD,0.8,1.5,1.2,0.8,4-5
2024-12-14,219.93,4.800000000000001,HOLD,0.5,2.0,1.2,0.5,4-5
2024-12-15,224.27,4.6000000000000005,HOLD,0.8,1.5,1.2,0.5,4-5
2024-12-16,216.19,4.6000000000000005,HOLD,0.0,2.0,1.2,0.5,4-5
2024-12-17,223.15,5.4,HOLD,0.3,1.5,1.2,1.2,5-6
2024-12-18,206.53,4.9,HOLD,0.0,2.0,1.2,0.5,4-5
2024-12-19,193.81,5.2,HOLD,0.0,2.0,1.5,0.5,5-6
2024-12-20,194.48,5.4,HOLD,0.0,2.0,1.5,0.5,5-6
2024-12-21,181.45,4.5,HOLD,0.0,2.0,1.5,0.5,4-5
2024-12-22,180.52,4.2,HOLD,0.0,2.0,1.5,0.5,4-5
2024-12-23,190.11,4.9,HOLD,0.3,2.0,1.2,0.5,4-5
2024-12-24,197.09,4.800000000000001,HOLD,0.3,1.5,1.2,1.2,4-5
2024-12-25,197.44,4.4,HOLD,0.3,1.5,1.2,0.8,4-5
2024-12-26,188.46,4.0,HOLD,0.3,1.5,1.2,0.8,4-5
2024-12-27,184.22,4.5,HOLD,0.3,2.0,1.5,0.5,4-5
2024-12-28,195.5,4.800000000000001,HOLD,0.3,1.5,1.2,1.2,4-5
2024-12-29,189.94,4.0,HOLD,0.3,1.5,1.2,0.8,4-5
2024-12-30,191.38,4.2,HOLD,0.3,1.5,1.2,0.3,4-5
2024-12-31,189.31,3.8,HOLD,0.3,1.5,1.2,0.3,3-4
2025-01-01,194.28,5.1000000000000005,HOLD,2.0,1.0,1.2,0.3,5-6
2025-01-02,208.31,4.2,HOLD,1.5,0.5,0.4,0.3,4-5
2025-01-03,217.99,3.7,HOLD,1.5,0.0,0.4,0.3,3-4
2025-01-04,216.67,3.0,HOLD,1.5,0.0,0.0,0.3,3-4
2025-01-05,213.41,3.6999999999999997,HOLD,1.5,0.0,0.4,0.3,3-4
2025-01-06,218.22,4.0,HOLD,1.5,0.0,0.4,0.3,4-5
2025-01-07,202.17,3.8,HOLD,1.0,0.5,0.8,0.0,3-4
2025-01-08,197.48,3.9999999999999996,HOLD,1.0,1.0,0.8,0.0,3-4
2025-01-09,184.95,4.6,HOLD,1.0,1.5,0.8,0.5,4-5
2025-01-10,187.68,3.3,HOLD,0.0,1.5,0.8,0.5,3-4
2025-01-11,188.09,3.0,HOLD,0.0,1.5,0.8,0.5,3-4
2025-01-12,188.51,3.0,HOLD,0.0,1.5,0.8,0.5,3-4
2025-01-13,182.87,4.0,HOLD,0.0,1.5,1.2,0.5,4-5
2025-01-14,187.57,3.6,HOLD,0.3,1.5,0.8,0.5,3-4
2025-01-15,205.86,5.3,HOLD,2.0,0.5,0.4,1.2,5-6
2025-01-16,211.14,4.6,HOLD,1.5,0.5,0.8,0.3,4-5
2025-01-17,219.51,3.8,HOLD,1.5,0.0,0.8,0.3,3-4
2025-01-18,261.97,4.199999999999999,HOLD,1.5,0.0,0.4,0.3,4-5
2025-01-19,252.42,4.699999999999999,HOLD,2.0,0.0,0.4,0.3,4-5
2025-01-20,242.19,4.0,HOLD,1.5,0.0,0.4,0.3,4-5
2025-01-21,250.33,3.6999999999999997,HOLD,1.5,0.0,0.4,0.3,3-4
2025-01-22,257.36,3.5,HOLD,2.0,0.0,0.0,0.3,3-4
2025-01-23,253.11,2.7,HOLD,1.5,0.0,0.0,0.0,2-3
2025-01-24,253.37,2.7,HOLD,1.5,0.0,0.0,0.0,2-3
2025-01-25,256.41,2.7,HOLD,1.5,0.0,0.0,0.0,2-3
2025-01-26,240.5,3.8,HOLD,1.5,0.5,0.4,0.5,3-4
2025-01-27,234.89,4.1,HOLD,1.5,0.5,0.4,0.5,4-5
2025-01-28,227.06,3.3,HOLD,0.5,1.0,0.4,0.5,3-4
2025-01-29,228.16,3.3,HOLD,0.5,1.0,0.4,0.5,3-4
2025-01-30,238.31,3.3,HOLD,0.5,1.0,0.4,0.5,3-4
2025-01-31,231.77,3.7,HOLD,0.5,1.0,0.8,0.5,3-4
2025-02-01,213.03,4.2,HOLD,0.5,1.5,1.5,0.5,4-5
2025-02-02,203.51,5.3,HOLD,0.5,2.0,1.5,0.5,5-6
2025-02-03,216.28,6.1000000000000005,BUY,0.8,1.5,1.2,1.2,6-7
2025-02-04,206.64,4.5,HOLD,0.0,2.0,1.2,0.8,4-5
2025-02-05,196.12,4.5,HOLD,0.0,2.0,1.5,0.8,4-5
2025-02-06,189.54,4.2,HOLD,0.0,2.0,1.5,0.5,4-5
2025-02-07,191.99,4.5,HOLD,0.3,2.0,1.5,0.5,4-5
2025-02-08,199.32,4.7,HOLD,0.3,1.5,1.5,1.2,4-5
2025-02-09,200.47,4.0,HOLD,0.3,1.5,1.2,0.8,4-5
2025-02-10,200.47,4.3,HOLD,0.3,1.5,1.2,0.8,4-5
2025-02-11,197.96,4.0,HOLD,0.3,1.5,1.2,0.8,4-5
2025-02-12,196.78,4.3,HOLD,0.3,1.5,1.2,0.8,4-5
2025-02-13,194.25,4.0,HOLD,0.3,1.5,1.5,0.5,4-5
2025-02-14,199.39,4.7,HOLD,0.3,1.5,1.2,1.2,4-5
2025-02-15,194.48,3.7,HOLD,0.3,1.5,1.2,0.5,3-4
2025-02-16,188.27,3.4000000000000004,HOLD,0.0,1.5,1.2,0.5,3-4
2025-02-17,177.53,4.8,HOLD,0.0,2.0,1.5,0.5,4-5
2025-02-18,169.32,4.8,HOLD,0.0,2.0,1.5,0.5,4-5
2025-02-19,168.93,4.5,HOLD,0.0,2.0,1.5,0.5,4-5
2025-02-20,176.0,4.5,HOLD,0.3,2.0,1.2,0.5,4-5
2025-02-21,168.94,4.5,HOLD,0.3,2.0,1.2,0.5,4-5
2025-02-22,172.07,4.5,HOLD,0.3,2.0,1.5,0.5,4-5
2025-02-23,167.94,4.5,HOLD,0.3,2.0,1.5,0.5,4-5
2025-02-24,141.81,5.0,HOLD,0.0,2.0,1.5,0.5,5-6
2025-02-25,144.33,5.3,HOLD,0.0,2.0,1.5,0.8,5-6
2025-02-26,135.32,4.8,HOLD,0.0,2.0,1.5,0.8,4-5
2025-02-27,137.68,5.1,HOLD,0.3,2.0,1.5,0.8,5-6
2025-02-28,148.18,5.3,HOLD,0.3,1.5,1.5,1.2,5-6
2025-03-01,143.66,4.8,HOLD,0.3,2.0,1.5,0.8,4-5
2025-03-02,178.71,5.8,HOLD,2.0,1.0,0.8,0.3,5-6
2025-03-03,142.16,5.3,HOLD,1.0,1.5,1.2,0.8,5-6
2025-03-04,144.79,5.8,HOLD,1.5,1.5,1.2,0.8,5-6
2025-03-05,146.28,5.2,HOLD,1.5,1.5,1.2,0.8,5-6
2025-03-06,143.31,4.9,HOLD,1.5,1.5,1.2,0.5,4-5
2025-03-07,139.39,4.7,HOLD,1.0,1.5,1.2,0.5,4-5
2025-03-08,137.01,4.4,HOLD,1.0,1.5,1.2,0.5,4-5
2025-03-09,126.51,3.9000000000000004,HOLD,0.0,2.0,1.2,0.5,3-4
2025-03-10,118.32,4.2,HOLD,0.0,2.0,1.2,0.5,4-5
2025-03-11,125.35,4.5,HOLD,0.3,2.0,1.2,0.5,4-5
2025-03-12,126.62,4.0,HOLD,0.3,1.5,0.8,1.2,4-5
2025-03-13,123.37,4.0,HOLD,0.3,1.5,1.2,0.8,4-5
2025-03-14,133.54,5.7,HOLD,2.0,1.5,1.2,0.8,5-6
2025-03-15,135.86,4.3,HOLD,1.5,1.0,0.8,0.8,4-5
2025-03-16,126.13,5.0,HOLD,1.0,1.5,1.5,0.8,5-6
2025-03-17,128.01,5.2,HOLD,1.5,1.5,1.2,0.8,5-6
2025-03-18,125.33,4.5,HOLD,1.0,1.5,1.2,0.3,4-5
2025-03-19,135.33,4.5,HOLD,1.5,1.0,1.2,0.3,4-5
2025-03-20,127.6,4.2,HOLD,1.0,1.5,1.2,0.3,4-5
2025-03-21,128.48,4.7,HOLD,1.5,1.5,1.2,0.3,4-5
2025-03-22,128.51,4.4,HOLD,1.5,1.5,1.2,0.0,4-5
2025-03-23,132.84,4.2,HOLD,1.5,1.0,0.8,0.7,4-5
2025-03-24,141.01,3.7,HOLD,1.5,0.0,0.4,0.3,3-4
2025-03-25,143.64,3.7,HOLD,1.5,0.0,0.4,0.3,3-4
2025-03-26,137.34,3.3999999999999995,HOLD,1.0,0.5,0.4,0.3,3-4
2025-03-27,138.43,3.6999999999999997,HOLD,1.0,0.5,0.4,0.3,3-4
2025-03-28,129.49,3.5999999999999996,HOLD,1.0,1.0,0.8,0.0,3-4
2025-03-29,124.58,4.7,HOLD,1.0,1.5,1.2,0.5,4-5
2025-03-30,124.82,4.0,HOLD,1.0,1.5,0.8,0.5,4-5
2025-03-31,124.54,4.6,HOLD,1.0,1.5,0.8,0.5,4-5
2025-04-01,126.67,4.3,HOLD,1.0,1.5,0.8,0.5,4-5
2025-04-02,117.42,5.5,HOLD,1.0,2.0,1.2,0.5,5-6
2025-04-03,117.17,4.5,HOLD,0.0,2.0,1.2,0.5,4-5
2025-04-04,122.79,5.0,HOLD,0.3,1.5,1.2,1.2,5-6
2025-04-05,120.32,4.0,HOLD,0.3,1.5,1.2,0.8,4-5
2025-04-06,105.91,4.8,HOLD,0.0,2.0,1.5,0.5,4-5
2025-04-07,106.99,5.7,HOLD,0.0,2.0,1.5,1.2,5-6
2025-04-08,105.4,4.8,HOLD,0.0,2.0,1.5,0.8,4-5
2025-04-09,119.05,4.6,HOLD,0.3,1.5,1.2,0.8,4-5
2025-04-10,112.81,4.3,HOLD,0.3,1.5,1.2,0.8,4-5
2025-04-11,121.41,4.7,HOLD,2.0,1.0,1.2,0.3,4-5
2025-04-12,132.24,4.0,HOLD,1.5,0.5,0.8,0.3,4-5
2025-04-13,128.38,4.0,HOLD,1.5,0.5,0.8,0.3,4-5
2025-04-14,129.42,4.0,HOLD,1.5,0.5,0.8,0.3,4-5
2025-04-15,126.11,3.5,HOLD,1.0,0.5,0.8,0.3,3-4
2025-04-16,131.33,3.6999999999999997,HOLD,1.5,0.0,0.4,0.3,3-4
2025-04-17,134.83,3.4,HOLD,1.5,0.0,0.4,0.3,3-4
2025-04-18,134.04,2.9,HOLD,1.0,0.0,0.4,0.3,2-3
2025-04-19,139.87,3.4,HOLD,1.5,0.0,0.4,0.3,3-4
2025-04-20,137.86,2.8,HOLD,1.0,0.0,0.0,0.3,2-3
2025-04-21,136.56,3.0,HOLD,1.0,0.5,0.0,0.0,3-4
2025-04-22,148.79,4.5,HOLD,2.0,0.0,0.0,0.7,4-5
2025-04-23,151.1,3.8,HOLD,2.0,0.0,0.0,0.3,3-4
2025-04-24,152.55,3.8,HOLD,2.0,0.0,0.0,0.3,3-4
2025-04-25,150.82,3.0,HOLD,1.5,0.0,0.0,0.0,3-4
2025-04-26,149.21,3.6,HOLD,1.5,0.5,0.4,0.0,3-4
2025-04-27,147.98,2.9000000000000004,HOLD,1.5,0.5,0.0,0.0,2-3
2025-04-28,147.84,3.2,HOLD,1.5,0.5,0.0,0.0,3-4
2025-04-29,146.31,2.9000000000000004,HOLD,1.5,0.5,0.0,0.0,2-3
2025-04-30,147.54,3.2,HOLD,1.5,0.5,0.0,0.0,3-4
2025-05-01,150.85,3.5,HOLD,1.5,0.5,0.0,0.0,3-4
2025-05-02,148.05,3.3,HOLD,1.5,0.5,0.4,0.0,3-4
2025-05-03,146.71,3.3,HOLD,1.5,0.5,0.4,0.0,3-4
2025-05-04,143.95,3.3,HOLD,0.5,1.0,0.4,0.5,3-4
2025-05-05,146.72,3.5999999999999996,HOLD,0.5,1.0,0.4,0.5,3-4
2025-05-06,146.88,4.0,HOLD,0.5,1.0,0.8,0.5,4-5
2025-05-07,147.32,4.7,HOLD,0.5,1.0,1.2,0.5,4-5
2025-05-08,164.46,5.1,HOLD,2.0,0.0,0.4,0.7,5-6
2025-05-09,172.78,4.3,HOLD,2.0,0.0,0.0,0.3,4-5
2025-05-10,177.89,3.8,HOLD,2.0,0.0,0.0,0.3,3-4
2025-05-11,173.19,3.8,HOLD,2.0,0.0,0.0,0.3,3-4
2025-05-12,174.22,3.6,HOLD,1.5,0.0,0.0,0.3,3-4
2025-05-13,183.75,4.1,HOLD,2.0,0.0,0.0,0.3,4-5
2025-05-14,176.64,3.3,HOLD,1.5,0.0,0.0,0.3,3-4
2025-05-15,169.16,3.5999999999999996,HOLD,1.5,0.5,0.4,0.0,3-4
2025-05-16,167.4,3.3,HOLD,1.5,0.5,0.4,0.0,3-4
2025-05-17,165.94,2.3,HOLD,0.5,0.5,0.4,0.0,2-3
2025-05-18,173.3,2.9,HOLD,0.5,0.5,0.4,0.0,2-3
2025-05-19,166.86,3.5999999999999996,HOLD,0.5,1.0,0.4,0.5,3-4
2025-05-20,168.59,3.0999999999999996,HOLD,0.5,0.5,0.4,0.5,3-4
2025-05-21,173.53,3.7,HOLD,0.8,0.5,0.4,0.5,3-4
2025-05-22,179.68,3.9000000000000004,HOLD,0.8,0.5,0.4,0.7,3-4
2025-05-23,174.01,3.9000000000000004,HOLD,0.5,0.5,0.8,0.3,3-4
2025-05-24,175.87,3.3000000000000003,HOLD,0.5,0.5,0.8,0.3,3-4
2025-05-25,175.74,3.3000000000000003,HOLD,0.5,0.5,0.8,0.3,3-4
2025-05-26,174.91,3.3000000000000003,HOLD,0.5,0.5,0.8,0.3,3-4
2025-05-27,176.71,4.0,HOLD,0.8,0.5,1.2,0.3,4-5
2025-05-28,172.21,3.7,HOLD,0.5,1.0,0.8,0.5,3-4
2025-05-29,166.71,4.7,HOLD,0.5,2.0,0.8,0.5,4-5
2025-05-30,156.2,5.1000000000000005,HOLD,0.5,2.0,1.2,0.5,5-6
2025-05-31,156.45,4.800000000000001,HOLD,0.5,2.0,1.2,0.5,4-5
2025-06-01,157.68,4.800000000000001,HOLD,0.5,2.0,1.2,0.5,4-5
2025-06-02,156.83,5.1000000000000005,HOLD,0.5,2.0,1.2,0.5,5-6
2025-06-03,155.19,4.9,HOLD,0.3,2.0,1.2,0.5,4-5
2025-06-04,153.26,4.9,HOLD,0.3,2.0,1.5,0.5,4-5
2025-06-05,144.29,5.1,HOLD,0.0,2.0,1.5,0.8,5-6
2025-06-06,147.83,5.2,HOLD,0.3,2.0,1.5,0.8,5-6
2025-06-07,150.06,5.6000000000000005,HOLD,0.3,2.0,1.5,1.2,5-6
2025-06-08,152.45,4.7,HOLD,0.3,1.5,1.5,0.8,4-5
2025-06-09,161.16,4.5,HOLD,0.3,1.0,1.2,0.8,4-5
2025-06-10,165.12,4.3,HOLD,0.3,1.0,1.2,0.3,4-5
2025-06-11,160.97,5.7,HOLD,2.0,1.0,1.2,0.3,5-6
2025-06-12,152.32,3.9,HOLD,0.0,1.5,1.2,0.3,3-4
2025-06-13,148.6,4.4,HOLD,0.0,1.5,1.2,0.5,4-5
2025-06-14,144.64,3.9000000000000004,HOLD,0.0,2.0,1.2,0.5,3-4
2025-06-15,152.97,4.0,HOLD,0.3,1.5,0.8,0.5,4-5
2025-06-16,150.72,4.0,HOLD,0.3,1.5,0.8,0.5,4-5
2025-06-17,147.57,4.1000000000000005,HOLD,0.0,1.5,1.2,0.5,4-5
2025-06-18,146.34,4.1000000000000005,HOLD,0.0,1.5,1.2,0.5,4-5
2025-06-19,147.04,3.7,HOLD,0.3,1.5,0.8,0.5,3-4
2025-06-20,140.11,4.2,HOLD,0.0,2.0,1.2,0.5,4-5
2025-06-21,135.43,4.2,HOLD,0.0,2.0,1.2,0.5,4-5
2025-06-22,131.71,4.5,HOLD,0.0,2.0,1.2,0.5,4-5
2025-06-23,144.51,5.0,HOLD,0.3,1.5,1.2,1.2,5-6
2025-06-24,145.92,3.8,HOLD,0.3,1.0,1.2,0.8,3-4
2025-06-25,143.57,4.0,HOLD,0.3,1.5,1.2,0.8,4-5
2025-06-26,139.06,3.5,HOLD,0.0,1.5,1.2,0.3,3-4
2025-06-27,142.09,3.8,HOLD,0.3,1.5,1.2,0.3,3-4
2025-06-28,150.72,5.3,HOLD,2.0,1.0,0.8,0.3,5-6
2025-06-29,153.32,4.0,HOLD,1.5,0.5,0.8,0.3,4-5
2025-06-30,154.81,4.6,HOLD,1.5,0.5,0.8,0.3,4-5
2025-07-01,146.88,3.5999999999999996,HOLD,1.0,1.0,0.8,0.3,3-4
2025-07-02,152.27,4.6,HOLD,1.5,0.5,0.8,0.3,4-5
2025-07-03,152.36,4.3,HOLD,1.5,0.5,0.8,0.0,4-5
2025-07-04,147.7,2.9,HOLD,1.0,1.0,0.4,0.0,2-3
2025-07-05,147.55,3.3,HOLD,1.0,1.0,0.4,0.0,3-4
2025-07-06,151.86,3.9,HOLD,1.5,0.5,0.4,0.0,3-4
2025-07-07,148.88,4.0,HOLD,1.0,0.5,0.8,0.5,4-5
2025-07-08,151.67,4.4,HOLD,1.5,0.5,0.4,0.5,4-5
2025-07-09,157.05,4.1,HOLD,1.5,0.0,0.4,0.7,4-5
2025-07-10,164.34,3.6,HOLD,1.5,0.0,0.0,0.3,3-4
2025-07-11,162.93,4.5,HOLD,2.0,0.0,0.4,0.3,4-5
2025-07-12,160.69,3.4,HOLD,1.5,0.0,0.4,0.3,3-4
2025-07-13,161.15,3.4,HOLD,1.5,0.0,0.4,0.3,3-4
2025-07-14,162.21,4.0,HOLD,1.5,0.0,0.4,0.3,4-5
2025-07-15,163.98,3.6,HOLD,1.5,0.0,0.0,0.3,3-4
2025-07-16,173.63,4.1,HOLD,2.0,0.0,0.0,0.3,4-5
2025-07-17,175.87,4.1,HOLD,2.0,0.0,0.0,0.3,4-5
2025-07-18,177.28,4.1,HOLD,2.0,0.0,0.0,0.3,4-5
2025-07-19,176.96,2.7,HOLD,1.5,0.0,0.0,0.0,2-3
2025-07-20,181.43,4.2,HOLD,2.0,0.0,0.0,0.7,4-5
2025-07-21,195.72,4.1,HOLD,2.0,0.0,0.0,0.3,4-5
2025-07-22,205.7,4.1,HOLD,2.0,0.0,0.0,0.3,4-5
2025-07-23,189.4,3.0,HOLD,1.5,0.0,0.0,0.0,3-4
2025-07-24,182.87,3.5999999999999996,HOLD,1.5,0.5,0.4,0.0,3-4
2025-07-25,186.76,3.5999999999999996,HOLD,1.5,0.5,0.4,0.0,3-4
2025-07-26,184.88,3.3,HOLD,1.5,0.5,0.4,0.0,3-4
2025-07-27,188.64,3.3,HOLD,1.5,0.5,0.4,0.0,3-4
2025-07-28,183.11,3.0999999999999996,HOLD,0.5,0.5,0.4,0.5,3-4
2025-07-29,181.48,3.3,HOLD,0.5,1.0,0.4,0.5,3-4
2025-07-30,177.77,3.7,HOLD,0.5,1.0,0.8,0.5,3-4
2025-07-31,172.22,3.9,HOLD,0.5,1.5,0.8,0.5,3-4
2025-08-01,162.71,5.1000000000000005,HOLD,0.5,2.0,1.2,0.5,5-6
2025-08-02,158.48,4.4,HOLD,0.5,2.0,1.2,0.5,4-5
2025-08-03,161.97,4.800000000000001,HOLD,0.5,2.0,1.2,0.5,4-5
2025-08-04,169.55,5.6000000000000005,HOLD,0.8,1.5,1.2,1.2,5-6
2025-08-05,164.09,5.5,HOLD,0.3,2.0,1.5,0.8,5-6
2025-08-06,168.09,4.4,HOLD,0.3,1.5,1.2,0.8,4-5
2025-08-07,175.36,4.7,HOLD,0.8,1.0,1.2,0.8,4-5
2025-08-08,176.78,4.5,HOLD,0.8,1.0,1.2,0.3,4-5
2025-08-09,179.95,4.1,HOLD,0.8,1.0,0.8,0.3,4-5
2025-08-10,182.66,5.1,HOLD,2.0,0.5,0.8,0.3,5-6
2025-08-11,174.84,4.2,HOLD,0.5,1.0,1.2,0.3,4-5
2025-08-12,191.78,4.2,HOLD,2.0,0.0,0.4,0.3,4-5
2025-08-13,201.51,4.5,HOLD,2.0,0.0,0.4,0.3,4-5
2025-08-14,192.47,4.699999999999999,HOLD,2.0,0.0,0.4,0.3,4-5
2025-08-15,185.72,3.5999999999999996,HOLD,1.5,0.5,0.4,0.0,3-4
2025-08-16,189.6,3.6,HOLD,1.5,0.5,0.4,0.0,3-4
2025-08-17,190.99,3.6,HOLD,1.5,0.5,0.4,0.0,3-4
2025-08-18,182.94,3.8,HOLD,1.5,0.5,0.4,0.5,3-4
2025-08-19,176.22,3.0,HOLD,0.5,1.0,0.4,0.5,3-4
2025-08-20,187.94,3.4000000000000004,HOLD,0.8,0.5,0.4,0.5,3-4
2025-08-21,180.29,3.7,HOLD,0.5,1.0,0.8,0.5,3-4
2025-08-22,200.69,5.3999999999999995,HOLD,2.0,0.0,0.4,1.2,5-6
2025-08-23,204.14,4.199999999999999,HOLD,2.0,0.0,0.4,0.3,4-5
2025-08-24,205.98,4.5,HOLD,2.0,0.0,0.4,0.3,4-5
2025-08-25,187.2,5.1,HOLD,1.5,1.0,0.8,0.3,5-6
2025-08-26,195.86,4.6,HOLD,1.5,0.5,0.8,0.3,4-5
2025-08-27,202.95,4.8999999999999995,HOLD,2.0,0.0,0.8,0.3,4-5
2025-08-28,214.43,4.5,HOLD,2.0,0.0,0.4,0.3,4-5
2025-08-29,205.08,4.5,HOLD,1.5,0.5,0.4,0.3,4-5
2025-08-30,202.7,3.9,HOLD,1.5,0.5,0.4,0.3,3-4
2025-08-31,200.62,3.7,HOLD,1.5,0.5,0.8,0.0,3-4
2025-09-01,197.32,2.8,HOLD,0.5,1.0,0.4,0.0,2-3
2025-09-02,209.65,3.9,HOLD,2.0,0.0,0.4,0.0,3-4
2025-09-03,210.77,4.3,HOLD,2.0,0.0,0.4,0.7,4-5
2025-09-04,202.32,2.3,HOLD,0.5,0.5,0.4,0.0,2-3
2025-09-05,203.36,3.5,HOLD,0.5,0.5,0.8,0.5,3-4
2025-09-06,200.16,3.7,HOLD,0.5,1.0,0.8,0.5,3-4
2025-09-07,206.35,3.8000000000000003,HOLD,0.8,0.5,0.8,0.5,3-4
2025-09-08,214.11,3.7,HOLD,0.8,0.0,0.4,0.7,3-4
2025-09-09,217.21,4.5,HOLD,2.0,0.0,0.4,0.3,4-5
2025-09-10,224.07,4.5,HOLD,2.0,0.0,0.4,0.3,4-5
2025-09-11,228.73,4.199999999999999,HOLD,2.0,0.0,0.4,0.3,4-5
2025-09-12,242.18,4.1,HOLD,2.0,0.0,0.0,0.3,4-5
2025-09-13,242.38,3.8,HOLD,2.0,0.0,0.0,0.3,3-4
2025-09-14,239.76,3.3,HOLD,1.5,0.0,0.0,0.3,3-4
2025-09-15,234.31,3.0,HOLD,1.5,0.0,0.0,0.0,3-4
2025-09-16,236.96,2.7,HOLD,1.5,0.0,0.0,0.0,2-3
2025-09-17,244.84,3.5,HOLD,2.0,0.0,0.0,0.0,3-4
2025-09-18,247.5,3.7,HOLD,1.5,0.0,0.0,0.7,3-4
2025-09-19,238.53,2.9000000000000004,HOLD,1.5,0.5,0.0,0.0,2-3
2025-09-20,239.48,2.9000000000000004,HOLD,1.5,0.5,0.0,0.0,2-3
2025-09-21,236.16,1.9,SELL,0.5,0.5,0.0,0.0,1-2
2025-09-22,220.38,3.9999999999999996,HOLD,0.5,1.0,0.8,0.5,3-4
2025-09-23,213.3,4.2,HOLD,0.5,1.5,0.8,0.5,4-5
2025-09-24,211.6,4.9,HOLD,0.5,1.5,1.2,0.5,4-5
2025-09-25,192.74,5.4,HOLD,0.5,2.0,1.2,0.5,5-6
2025-09-26,205.17,5.7,HOLD,0.5,2.0,1.5,0.5,5-6
2025-09-27,203.46,4.9,HOLD,0.3,2.0,1.5,0.5,4-5
2025-09-28,210.83,4.800000000000001,HOLD,0.3,1.5,1.2,1.2,4-5
2025-09-29,212.75,4.7,HOLD,0.3,1.5,1.2,0.8,4-5
2025-09-30,208.68,4.7,HOLD,0.3,1.5,1.2,0.8,4-5
2025-10-01,222.04,3.6999999999999997,HOLD,0.3,1.0,1.2,0.3,3-4
2025-10-02,234.74,4.0,HOLD,0.8,0.5,1.2,0.3,4-5
2025-10-03,232.84,4.8,HOLD,2.0,0.5,0.8,0.3,4-5
2025-10-04,227.86,5.4,HOLD,2.0,1.0,1.2,0.3,5-6
2025-10-05,228.56,5.3,HOLD,2.0,1.0,0.8,0.3,5-6
2025-10-06,232.35,4.699999999999999,HOLD,2.0,0.5,0.4,0.3,4-5
2025-10-07,219.97,4.5,HOLD,1.5,1.0,0.8,0.0,4-5
2025-10-08,229.02,4.1,HOLD,2.0,0.5,0.4,0.0,4-5
2025-10-09,220.93,3.8,HOLD,1.5,1.0,0.4,0.0,3-4
2025-10-10,188.43,4.2,HOLD,0.0,2.0,1.2,0.0,4-5
2025-10-11,177.62,4.5,HOLD,0.0,2.0,1.2,0.5,4-5
2025-10-12,197.0,4.7,HOLD,0.3,1.5,1.2,0.5,4-5
2025-10-13,208.69,3.8000000000000003,HOLD,0.3,1.0,0.8,0.5,3-4
2025-10-14,202.44,4.300000000000001,HOLD,0.3,1.5,0.8,0.5,4-5
2025-10-15,193.84,3.7,HOLD,0.0,1.5,1.2,0.5,3-4
2025-10-16,184.85,4.2,HOLD,0.0,2.0,1.2,0.5,4-5
2025-10-17,181.96,4.2,HOLD,0.0,2.0,1.2,0.5,4-5
2025-10-18,187.56,3.7,HOLD,0.3,1.5,1.2,0.5,3-4
2025-10-19,187.86,3.7,HOLD,0.3,1.5,1.2,0.5,3-4
2025-10-20,189.71,4.4,HOLD,0.3,1.5,1.2,1.2,4-5
2025-10-21,185.63,4.0,HOLD,0.3,1.5,1.2,0.5,4-5
2025-10-22,180.12,3.7,HOLD,0.0,1.5,1.2,0.5,3-4
2025-10-23,191.35,4.4,HOLD,0.3,1.5,1.2,1.2,4-5
2025-10-24,193.59,2.9,HOLD,0.3,1.0,0.8,0.3,2-3
2025-10-25,193.84,3.9,HOLD,2.0,1.0,0.4,0.3,3-4
2025-10-26,200.03,3.8,HOLD,1.5,1.0,0.8,0.3,3-4
2025-10-27,198.7,4.5,HOLD,1.5,1.0,1.2,0.3,4-5
2025-10-28,194.15,4.3,HOLD,1.0,1.0,1.2,0.3,4-5
2025-10-29,193.88,3.8999999999999995,HOLD,1.0,1.0,0.8,0.3,3-4
2025-10-30,184.69,4.1,HOLD,1.0,1.5,0.8,0.0,4-5
2025-10-31,187.21,4.3,HOLD,1.0,1.5,0.8,0.5,4-5
2025-11-01,186.35,4.0,HOLD,1.0,1.5,0.8,0.5,4-5
2025-11-02,187.71,4.0,HOLD,1.0,1.5,0.8,0.5,4-5
2025-11-03,166.06,4.7,HOLD,0.0,2.0,1.2,0.5,4-5
2025-11-04,155.03,4.5,HOLD,0.0,2.0,1.2,0.5,4-5
2025-11-05,162.37,4.2,HOLD,0.0,2.0,1.2,0.5,4-5
2025-11-06,155.28,4.5,HOLD,0.0,2.0,1.5,0.5,4-5
2025-11-07,161.79,4.5,HOLD,0.3,2.0,1.2,0.5,4-5
2025-11-08,158.02,4.5,HOLD,0.3,2.0,1.5,0.5,4-5
2025-11-09,164.53,5.0,HOLD,0.3,1.5,1.5,1.2,5-6
2025-11-10,167.31,4.3,HOLD,0.3,1.5,1.2,0.8,4-5
2025-11-11,154.63,4.8,HOLD,0.0,2.0,1.5,0.8,4-5
2025-11-12,153.42,4.5,HOLD,0.0,2.0,1.5,0.5,4-5
2025-11-13,144.73,4.8,HOLD,0.0,2.0,1.5,0.5,4-5
2025-11-14,138.92,4.8,HOLD,0.0,2.0,1.5,0.5,4-5
2025-11-15,139.61,4.2,HOLD,0.0,2.0,1.5,0.5,4-5
2025-11-16,137.17,5.1,HOLD,0.3,2.0,1.5,0.8,5-6
2025-11-17,130.99,5.1,HOLD,0.0,2.0,1.5,0.8,5-6
2025-11-18,140.69,4.6,HOLD,0.3,1.5,1.2,0.8,4-5
2025-11-19,137.06,5.0,HOLD,0.3,1.5,1.2,1.5,5-6
2025-11-20,133.67,5.1,HOLD,0.3,2.0,1.2,0.8,5-6
2025-11-21,128.68,5.8,HOLD,0.0,2.0,1.5,1.5,5-6
2025-11-22,127.59,5.1000000000000005,HOLD,0.3,2.0,1.5,1.1,5-6
2025-11-23,130.58,4.3,HOLD,0.3,1.5,1.5,0.8,4-5
2025-11-24,138.44,6.3,BUY,2.0,1.5,1.5,0.8,6-7
2025-11-25,138.96,4.7,HOLD,1.5,1.5,1.2,0.3,4-5
2025-11-26,143.02,4.5,HOLD,1.5,1.0,1.2,0.3,4-5
2025-11-27,140.85,3.8,HOLD,1.5,1.0,0.8,0.3,3-4
2025-11-28,137.33,3.5999999999999996,HOLD,1.0,1.0,0.8,0.3,3-4
2025-11-29,135.91,3.8,HOLD,1.0,1.5,0.8,0.3,3-4
2025-11-30,133.48,3.5,HOLD,1.0,1.5,0.8,0.0,3-4
2025-12-01,126.66,5.1,HOLD,1.0,2.0,0.8,0.5,5-6
2025-12-02,138.68,3.5999999999999996,HOLD,1.5,0.5,0.8,0.0,3-4
2025-12-03,144.67,3.8,HOLD,1.5,0.0,0.4,0.7,3-4
2025-12-04,139.01,2.8,HOLD,1.0,0.5,0.8,0.3,2-3
2025-12-05,133.29,3.8,HOLD,1.0,1.5,0.8,0.0,3-4
2025-12-06,132.19,3.5,HOLD,1.0,1.5,0.8,0.0,3-4
2025-12-07,132.24,4.3,HOLD,1.0,1.5,0.8,0.5,4-5
2025-12-08,133.25,4.3,HOLD,1.0,1.5,0.8,0.5,4-5
2025-12-09,137.88,4.6,HOLD,1.5,0.5,0.8,0.0,4-5
2025-12-10,136.26,5.2,HOLD,1.5,1.0,1.2,0.0,5-6
2025-12-11,136.41,4.8,HOLD,1.0,1.0,0.8,0.5,4-5
2025-12-12,132.27,4.3,HOLD,1.0,1.5,0.8,0.5,4-5
2025-12-13,133.14,4.0,HOLD,1.0,1.5,0.8,0.5,4-5
2025-12-14,129.4,4.5,HOLD,1.0,2.0,0.8,0.5,4-5
2025-12-15,127.81,5.1,HOLD,1.0,2.0,0.8,0.5,5-6
2025-12-16,129.15,4.7,HOLD,1.0,1.5,1.2,0.5,4-5
2025-12-17,123.27,4.8,HOLD,0.0,2.0,1.5,0.5,4-5
2025-12-18,119.6,4.8,HOLD,0.0,2.0,1.5,0.5,4-5
2025-12-19,126.27,4.7,HOLD,0.3,1.5,1.2,1.2,4-5
2025-12-20,125.81,4.0,HOLD,0.3,1.5,1.2,0.8,4-5
2025-12-21,126.03,5.7,HOLD,2.0,1.5,1.2,0.8,5-6
2025-12-22,125.93,5.5,HOLD,1.5,1.5,1.2,0.8,5-6
2025-12-23,124.01,5.3,HOLD,1.0,1.5,1.5,0.8,5-6
2025-12-24,122.53,5.5,HOLD,1.0,2.0,1.5,0.8,5-6
2025-12-25,120.06,4.2,HOLD,0.0,2.0,1.5,0.5,4-5
2025-12-26,122.26,6.4,BUY,2.0,1.5,1.2,1.2,6-7
2025-12-27,124.73,5.2,HOLD,1.5,1.5,1.2,0.8,5-6
2025-12-28,125.27,4.5,HOLD,1.5,1.0,1.2,0.3,4-5
2025-12-29,123.28,5.8,HOLD,1.5,1.5,1.2,0.8,5-6
2025-12-30,125.01,5.0,HOLD,1.5,1.0,1.2,0.8,5-6
2025-12-31,124.65,4.6,HOLD,1.5,1.0,0.8,0.8,4-5
2026-01-01,126.9,3.4000000000000004,HOLD,1.5,0.5,0.4,0.8,3-4
2026-01-02,132.29,3.7,HOLD,1.5,0.0,0.4,0.3,3-4
2026-01-03,133.37,3.4,HOLD,1.5,0.0,0.4,0.3,3-4
2026-01-04,134.12,3.4,HOLD,1.5,0.0,0.4,0.3,3-4
2026-01-05,137.9,3.6,HOLD,1.5,0.0,0.0,0.3,3-4
2026-01-06,141.08,3.6,HOLD,1.5,0.0,0.0,0.3,3-4
2026-01-07,136.39,2.8,HOLD,1.0,0.0,0.0,0.3,2-3
2026-01-08,138.37,3.1,HOLD,1.0,0.0,0.0,0.3,3-4
2026-01-09,135.97,3.5,HOLD,1.5,0.5,0.0,0.0,3-4
2026-01-10,135.84,3.3,HOLD,1.5,0.5,0.4,0.0,3-4
2026-01-11,139.7,3.0,HOLD,1.5,0.0,0.0,0.0,3-4
2026-01-12,139.22,3.8,HOLD,1.5,0.5,0.0,0.0,3-4
2026-01-13,145.51,4.5,HOLD,2.0,0.0,0.0,0.7,4-5
2026-01-14,146.69,3.8,HOLD,2.0,0.0,0.0,0.3,3-4
2026-01-15,142.4,3.9,HOLD,1.5,0.5,0.4,0.0,3-4
2026-01-16,144.89,3.8,HOLD,1.5,0.0,0.4,0.7,3-4
2026-01-17,143.72,3.6,HOLD,1.5,0.5,0.4,0.0,3-4
2026-01-18,137.87,4.2,HOLD,1.5,1.0,0.8,0.0,4-5
2026-01-19,133.44,4.2,HOLD,0.5,1.5,1.2,0.5,4-5
2026-01-20,125.8,5.0,HOLD,0.5,2.0,1.2,0.5,5-6
2026-01-21,129.54,4.7,HOLD,0.5,2.0,1.2,0.5,4-5
2026-01-22,128.47,3.9000000000000004,HOLD,0.0,2.0,1.2,0.5,3-4
2026-01-23,127.43,4.2,HOLD,0.0,2.0,1.2,0.5,4-5
2026-01-24,127.21,4.2,HOLD,0.3,2.0,1.2,0.5,4-5
2026-01-25,118.85,4.8,HOLD,0.0,2.0,1.5,0.5,4-5
2026-01-26,124.24,4.5,HOLD,0.3,2.0,1.2,0.5,4-5
2026-01-27,127.19,4.7,HOLD,0.3,1.5,1.2,1.2,4-5
2026-01-28,125.35,4.3,HOLD,0.3,1.5,1.5,0.8,4-5
2026-01-29,117.82,5.1,HOLD,0.0,2.0,1.5,0.8,5-6
2026-01-30,117.59,5.1,HOLD,0.0,2.0,1.5,0.8,5-6
2026-01-31,105.58,5.3,HOLD,0.0,2.0,1.5,0.8,5-6
2026-02-01,100.79,4.5,HOLD,0.0,2.0,1.5,0.5,4-5
2026-02-02,104.55,5.1,HOLD,0.3,2.0,1.5,0.5,5-6
2026-02-03,97.89,4.5,HOLD,0.0,2.0,1.5,0.5,4-5
2026-02-04,92.12,4.8,HOLD,0.0,2.0,1.5,0.5,4-5
2026-02-05,78.35,5.1,HOLD,0.0,2.0,1.5,0.8,5-6
2026-02-06,87.46,6.1,BUY,0.3,2.0,1.5,1.5,6-7
2026-02-07,87.59,4.8,HOLD,0.3,2.0,1.5,0.8,4-5
2026-02-08,86.99,4.8,HOLD,0.3,2.0,1.5,0.8,4-5
2026-02-09,86.77,4.8,HOLD,0.3,2.0,1.5,0.8,4-5
2026-02-10,82.99,4.8,HOLD,0.3,2.0,1.5,0.8,4-5
2026-02-11,79.3,4.8,HOLD,0.3,2.0,1.5,0.8,4-5
2026-02-12,78.4,4.8,HOLD,0.3,2.0,1.5,0.8,4-5
2026-02-13,84.33,4.3,HOLD,0.3,1.5,1.5,0.8,4-5
2026-02-14,88.06,3.5,HOLD,0.3,1.5,1.2,0.3,3-4
2026-02-15,86.16,5.5,HOLD,2.0,1.5,1.2,0.3,5-6
2026-02-16,86.45,5.0,HOLD,1.5,1.5,1.2,0.3,5-6
2026-02-17,85.08,5.0,HOLD,1.5,1.5,1.2,0.3,5-6
2026-02-18,81.61,4.2,HOLD,1.0,1.5,1.2,0.0,4-5
2026-02-19,82.5,4.4,HOLD,1.5,1.5,0.4,0.5,4-5
2026-02-20,84.67,3.8,HOLD,1.5,1.0,0.8,0.0,3-4
2026-02-21,85.17,3.5,HOLD,1.5,1.0,0.8,0.0,3-4
2026-02-22,82.79,4.4,HOLD,1.0,1.5,1.2,0.5,4-5
2026-02-23,77.9,5.5,HOLD,1.0,2.0,1.2,0.5,5-6
2026-02-24,78.99,5.2,HOLD,1.0,2.0,1.2,0.5,5-6
2026-02-25,88.06,5.1,HOLD,1.5,0.5,0.4,1.2,5-6
2026-02-26,85.91,3.8999999999999995,HOLD,1.5,0.5,0.4,0.3,3-4
2026-02-27,81.85,4.6,HOLD,1.0,1.5,0.8,0.8,4-5
2026-02-28,84.35,6.0,BUY,1.5,1.0,1.2,0.8,6-7
2026-03-01,83.6,4.1,HOLD,1.0,1.0,0.8,0.8,4-5
2026-03-02,86.64,4.8999999999999995,HOLD,1.5,0.5,0.8,0.3,4-5
2026-03-03,86.97,4.6,HOLD,1.5,0.5,0.8,0.3,4-5
2026-03-04,90.85,4.0,HOLD,1.5,0.0,0.4,0.3,4-5
2026-03-05,88.77,3.2,HOLD,1.0,0.0,0.4,0.3,3-4
2026-03-06,84.7,3.7,HOLD,1.0,1.0,0.8,0.0,3-4
2026-03-07,83.22,3.5,HOLD,1.0,1.5,0.8,0.0,3-4
2026-03-08,81.59,4.0,HOLD,1.0,1.5,0.8,0.5,4-5
2026-03-09,84.96,4.1,HOLD,1.0,1.0,0.4,0.5,4-5
2026-03-10,85.88,4.4,HOLD,1.5,0.5,0.4,0.5,4-5
2026-03-11,86.58,4.8,HOLD,1.5,0.5,0.8,0.5,4-5
2026-03-12,86.84,4.8,HOLD,1.5,0.5,0.8,0.5,4-5
2026-03-13,88.18,4.8999999999999995,HOLD,1.5,0.5,0.4,0.7,4-5
2026-03-14,88.03,3.4,HOLD,1.0,0.5,0.4,0.3,3-4
2026-03-15,92.3,3.6999999999999997,HOLD,1.5,0.0,0.4,0.3,3-4
2026-03-16,96.2,4.0,HOLD,1.5,0.0,0.4,0.3,4-5
2026-03-17,94.62,3.6999999999999997,HOLD,1.5,0.0,0.4,0.3,3-4
2026-03-18,90.08,3.5,HOLD,1.0,0.5,0.8,0.0,3-4
2026-03-19,88.89,3.7,HOLD,1.0,1.0,0.8,0.0,3-4
2026-03-20,89.84,3.3,HOLD,1.0,0.5,0.4,0.5,3-4
2026-03-21,87.56,3.8,HOLD,1.0,1.0,0.4,0.5,3-4
2026-03-22,86.2,3.6,HOLD,1.0,1.5,0.4,0.5,3-4
2026-03-23,91.43,5.2,HOLD,2.0,0.5,0.4,0.5,5-6
2026-03-24,90.8,4.9,HOLD,2.0,0.5,0.4,0.5,4-5
2026-03-25,91.7,5.6,HOLD,2.0,0.5,0.4,1.2,5-6
2026-03-26,86.53,5.1,HOLD,1.5,1.5,0.8,0.5,5-6
2026-03-27,83.11,4.2,HOLD,0.0,2.0,1.2,0.5,4-5
2026-03-28,82.09,3.9000000000000004,HOLD,0.0,2.0,1.2,0.5,3-4
2026-03-29,81.44,3.9000000000000004,HOLD,0.0,2.0,1.2,0.5,3-4
2026-03-30,84.38,3.7,HOLD,0.3,1.5,1.2,0.5,3-4
