symbol,buy_date,buy_price,buy_score,hold_days,sell_price,profit_pct
SOLUSDT,2022-10-18,30.15,5.1,1,28.86,-4.278606965174127
SOLUSDT,2022-10-18,30.15,5.1,3,28.1,-6.79933665008291
SOLUSDT,2022-10-18,30.15,5.1,5,29.28,-2.885572139303474
SOLUSDT,2022-10-18,30.15,5.1,7,30.86,2.3548922056384773
SOLUSDT,2022-10-18,30.15,5.1,14,32.2,6.7993366500829335
SOLUSDT,2022-10-18,30.15,5.1,30,13.65,-54.726368159203986
SOLUSDT,2022-10-24,28.3,5.1,1,30.86,9.045936395759712
SOLUSDT,2022-10-24,28.3,5.1,3,30.58,8.05653710247349
SOLUSDT,2022-10-24,28.3,5.1,5,32.87,16.14840989399292
SOLUSDT,2022-10-24,28.3,5.1,7,32.56,15.053003533568909
SOLUSDT,2022-10-24,28.3,5.1,14,29.62,4.664310954063605
SOLUSDT,2022-10-24,28.3,5.1,30,14.36,-49.25795053003534
SOLUSDT,2022-10-25,30.86,5.3999999999999995,1,31.29,1.3933895009721313
SOLUSDT,2022-10-25,30.86,5.3999999999999995,3,32.07,3.920933246921584
SOLUSDT,2022-10-25,30.86,5.3999999999999995,5,32.94,6.740116655865193
SOLUSDT,2022-10-25,30.86,5.3999999999999995,7,32.2,4.342190537913168
SOLUSDT,2022-10-25,30.86,5.3999999999999995,14,24.38,-20.99805573558004
SOLUSDT,2022-10-25,30.86,5.3999999999999995,30,14.59,-52.72197018794556
SOLUSDT,2022-11-07,29.62,5.3,1,24.38,-17.69074949358542
SOLUSDT,2022-11-07,29.62,5.3,3,17.66,-40.378122889939235
SOLUSDT,2022-11-07,29.62,5.3,5,14.58,-50.77650236326806
SOLUSDT,2022-11-07,29.62,5.3,7,14.0,-52.73463875759622
SOLUSDT,2022-11-07,29.62,5.3,14,11.83,-60.060769750168795
SOLUSDT,2022-11-07,29.62,5.3,30,13.49,-54.45644834571236
SOLUSDT,2022-11-09,14.08,5.0,1,17.66,25.426136363636363
SOLUSDT,2022-11-09,14.08,5.0,3,14.58,3.5511363636363638
SOLUSDT,2022-11-09,14.08,5.0,5,14.0,-0.5681818181818187
SOLUSDT,2022-11-09,14.08,5.0,7,14.27,1.3494318181818148
SOLUSDT,2022-11-09,14.08,5.0,14,14.36,1.988636363636359
SOLUSDT,2022-11-09,14.08,5.0,30,13.59,-3.480113636363638
SOLUSDT,2022-11-18,13.27,5.0,1,12.84,-3.240391861341369
SOLUSDT,2022-11-18,13.27,5.0,3,11.83,-10.851544837980404
SOLUSDT,2022-11-18,13.27,5.0,5,14.36,8.214016578749057
SOLUSDT,2022-11-18,13.27,5.0,7,14.03,5.727204220045214
SOLUSDT,2022-11-18,13.27,5.0,14,13.71,3.3157498116051345
SOLUSDT,2022-11-18,13.27,5.0,30,12.38,-6.706857573473993
SOLUSDT,2022-11-22,12.44,5.3,1,14.36,15.434083601286176
SOLUSDT,2022-11-22,12.44,5.3,3,14.03,12.781350482315112
SOLUSDT,2022-11-22,12.44,5.3,5,14.12,13.5048231511254
SOLUSDT,2022-11-22,12.44,5.3,7,13.34,7.234726688102897
SOLUSDT,2022-11-22,12.44,5.3,14,14.3,14.951768488745993
SOLUSDT,2022-11-22,12.44,5.3,30,11.82,-4.983922829581988
SOLUSDT,2022-11-23,14.36,5.8999999999999995,1,14.59,1.6016713091922035
SOLUSDT,2022-11-23,14.36,5.8999999999999995,3,14.17,-1.3231197771587708
SOLUSDT,2022-11-23,14.36,5.8999999999999995,5,13.32,-7.242339832869075
SOLUSDT,2022-11-23,14.36,5.8999999999999995,7,14.16,-1.392757660167126
SOLUSDT,2022-11-23,14.36,5.8999999999999995,14,13.49,-6.058495821727014
SOLUSDT,2022-11-23,14.36,5.8999999999999995,30,11.78,-17.96657381615599
SOLUSDT,2022-12-13,13.89,5.8999999999999995,1,14.12,1.6558675305975423
SOLUSDT,2022-12-13,13.89,5.8999999999999995,3,12.25,-11.80705543556516
SOLUSDT,2022-12-13,13.89,5.8999999999999995,5,12.38,-10.871130309575232
SOLUSDT,2022-12-13,13.89,5.8999999999999995,7,12.26,-11.735061195104397
SOLUSDT,2022-12-13,13.89,5.8999999999999995,14,11.09,-20.15838732901368
SOLUSDT,2022-12-13,13.89,5.8999999999999995,30,16.59,19.438444924406042
SOLUSDT,2022-12-16,12.25,5.5,1,12.51,2.122448979591835
SOLUSDT,2022-12-16,12.25,5.5,3,11.94,-2.5306122448979633
SOLUSDT,2022-12-16,12.25,5.5,5,12.14,-0.8979591836734647
SOLUSDT,2022-12-16,12.25,5.5,7,11.78,-3.836734693877556
SOLUSDT,2022-12-16,12.25,5.5,14,9.9,-19.183673469387752
SOLUSDT,2022-12-16,12.25,5.5,30,22.89,86.85714285714286
SOLUSDT,2022-12-17,12.51,5.2,1,12.38,-1.0391686650679377
SOLUSDT,2022-12-17,12.51,5.2,3,12.26,-1.9984012789768186
SOLUSDT,2022-12-17,12.51,5.2,5,11.82,-5.515587529976015
SOLUSDT,2022-12-17,12.51,5.2,7,11.45,-8.473221422861716
SOLUSDT,2022-12-17,12.51,5.2,14,9.97,-20.30375699440447
SOLUSDT,2022-12-17,12.51,5.2,30,23.58,88.48920863309353
SOLUSDT,2022-12-19,11.94,5.2,1,12.26,2.6800670016750443
SOLUSDT,2022-12-19,11.94,5.2,3,11.82,-1.0050251256281342
SOLUSDT,2022-12-19,11.94,5.2,5,11.45,-4.10385259631491
SOLUSDT,2022-12-19,11.94,5.2,7,11.32,-5.192629815745387
SOLUSDT,2022-12-19,11.94,5.2,14,11.28,-5.527638190954775
SOLUSDT,2022-12-19,11.94,5.2,30,20.79,74.12060301507537
SOLUSDT,2022-12-22,11.82,5.2,1,11.78,-0.3384094754653208
SOLUSDT,2022-12-22,11.82,5.2,3,11.38,-3.722504230118439
SOLUSDT,2022-12-22,11.82,5.2,5,11.09,-6.175972927241967
SOLUSDT,2022-12-22,11.82,5.2,7,9.64,-18.443316412859556
SOLUSDT,2022-12-22,11.82,5.2,14,13.43,13.620981387478844
SOLUSDT,2022-12-22,11.82,5.2,30,24.57,107.86802030456852
SOLUSDT,2022-12-23,11.78,5.2,1,11.45,-2.801358234295417
SOLUSDT,2022-12-23,11.78,5.2,3,11.32,-3.9049235993208753
SOLUSDT,2022-12-23,11.78,5.2,5,9.76,-17.147707979626485
SOLUSDT,2022-12-23,11.78,5.2,7,9.9,-15.959252971137513
SOLUSDT,2022-12-23,11.78,5.2,14,13.5,14.60101867572157
SOLUSDT,2022-12-23,11.78,5.2,30,24.21,105.51782682512736
SOLUSDT,2022-12-24,11.45,5.8,1,11.38,-0.61135371179038
SOLUSDT,2022-12-24,11.45,5.8,3,11.09,-3.144104803493445
SOLUSDT,2022-12-24,11.45,5.8,5,9.64,-15.807860262008724
SOLUSDT,2022-12-24,11.45,5.8,7,9.97,-12.925764192139727
SOLUSDT,2022-12-24,11.45,5.8,14,13.1,14.410480349344981
SOLUSDT,2022-12-24,11.45,5.8,30,24.33,112.48908296943232
SOLUSDT,2022-12-25,11.38,5.5,1,11.32,-0.5272407732864718
SOLUSDT,2022-12-25,11.38,5.5,3,9.76,-14.23550087873463
SOLUSDT,2022-12-25,11.38,5.5,5,9.9,-13.005272407732868
SOLUSDT,2022-12-25,11.38,5.5,7,9.99,-12.214411247803168
SOLUSDT,2022-12-25,11.38,5.5,14,14.45,26.977152899824237
SOLUSDT,2022-12-25,11.38,5.5,30,22.78,100.17574692442881
SOLUSDT,2022-12-26,11.32,6.5,1,11.09,-2.0318021201413465
SOLUSDT,2022-12-26,11.32,6.5,3,9.64,-14.840989399293283
SOLUSDT,2022-12-26,11.32,6.5,5,9.97,-11.92579505300353
SOLUSDT,2022-12-26,11.32,6.5,7,11.28,-0.35335689045937213
SOLUSDT,2022-12-26,11.32,6.5,14,16.25,43.551236749116605
SOLUSDT,2022-12-26,11.32,6.5,30,24.52,116.6077738515901
SOLUSDT,2022-12-27,11.09,6.3999999999999995,1,9.76,-11.992786293958522
SOLUSDT,2022-12-27,11.09,6.3999999999999995,3,9.9,-10.730387736699726
SOLUSDT,2022-12-27,11.09,6.3999999999999995,5,9.99,-9.91884580703336
SOLUSDT,2022-12-27,11.09,6.3999999999999995,7,13.37,20.559062218214603
SOLUSDT,2022-12-27,11.09,6.3999999999999995,14,16.2,46.07754733994589
SOLUSDT,2022-12-27,11.09,6.3999999999999995,30,24.33,119.38683498647428
SOLUSDT,2022-12-28,9.76,5.3,1,9.64,-1.2295081967213035
SOLUSDT,2022-12-28,9.76,5.3,3,9.97,2.151639344262304
SOLUSDT,2022-12-28,9.76,5.3,5,11.28,15.573770491803273
SOLUSDT,2022-12-28,9.76,5.3,7,13.43,37.60245901639344
SOLUSDT,2022-12-28,9.76,5.3,14,16.36,67.62295081967213
SOLUSDT,2022-12-28,9.76,5.3,30,24.43,150.30737704918033
SOLUSDT,2022-12-29,9.64,5.7,1,9.9,2.697095435684645
SOLUSDT,2022-12-29,9.64,5.7,3,9.99,3.6307053941908674
SOLUSDT,2022-12-29,9.64,5.7,5,13.37,38.69294605809127
SOLUSDT,2022-12-29,9.64,5.7,7,13.43,39.31535269709542
SOLUSDT,2022-12-29,9.64,5.7,14,16.59,72.09543568464728
SOLUSDT,2022-12-29,9.64,5.7,30,24.0,148.96265560165972
SOLUSDT,2022-12-30,9.9,5.6,1,9.97,0.7070707070707098
SOLUSDT,2022-12-30,9.9,5.6,3,11.28,13.939393939393929
SOLUSDT,2022-12-30,9.9,5.6,5,13.43,35.65656565656565
SOLUSDT,2022-12-30,9.9,5.6,7,13.5,36.36363636363636
SOLUSDT,2022-12-30,9.9,5.6,14,18.29,84.74747474747473
SOLUSDT,2022-12-30,9.9,5.6,30,26.07,163.33333333333334
SOLUSDT,2023-01-02,11.28,5.3,1,13.37,18.52836879432624
SOLUSDT,2023-01-02,11.28,5.3,3,13.43,19.060283687943265
SOLUSDT,2023-01-02,11.28,5.3,5,13.1,16.13475177304965
SOLUSDT,2023-01-02,11.28,5.3,7,16.25,44.06028368794327
SOLUSDT,2023-01-02,11.28,5.3,14,23.58,109.04255319148936
SOLUSDT,2023-01-02,11.28,5.3,30,25.0,121.63120567375887
SOLUSDT,2023-02-09,20.48,5.4,1,20.11,-1.8066406250000049
SOLUSDT,2023-02-09,20.48,5.4,3,21.49,4.93164062499999
SOLUSDT,2023-02-09,20.48,5.4,5,21.84,6.640624999999997
SOLUSDT,2023-02-09,20.48,5.4,7,22.24,8.593749999999991
SOLUSDT,2023-02-09,20.48,5.4,14,23.91,16.748046874999996
SOLUSDT,2023-02-09,20.48,5.4,30,18.07,-11.767578125
SOLUSDT,2023-02-10,20.11,5.1000000000000005,1,20.81,3.4808552958726966
SOLUSDT,2023-02-10,20.11,5.1000000000000005,3,20.77,3.281949278965689
SOLUSDT,2023-02-10,20.11,5.1000000000000005,5,23.86,18.64743908503232
SOLUSDT,2023-02-10,20.11,5.1000000000000005,7,23.14,15.067130780706123
SOLUSDT,2023-02-10,20.11,5.1000000000000005,14,23.07,14.719045251118851
SOLUSDT,2023-02-10,20.11,5.1000000000000005,30,20.2,0.44753853804077504
SOLUSDT,2023-02-11,20.81,5.1000000000000005,1,21.49,3.2676597789524253
SOLUSDT,2023-02-11,20.81,5.1000000000000005,3,21.84,4.9495434887073575
SOLUSDT,2023-02-11,20.81,5.1000000000000005,5,22.24,6.871696299855838
SOLUSDT,2023-02-11,20.81,5.1000000000000005,7,23.45,12.686208553580014
SOLUSDT,2023-02-11,20.81,5.1000000000000005,14,22.37,7.496395963479108
SOLUSDT,2023-02-11,20.81,5.1000000000000005,30,20.4,-1.970206631427199
SOLUSDT,2023-02-12,21.49,6.1000000000000005,1,20.77,-3.350395532805951
SOLUSDT,2023-02-12,21.49,6.1000000000000005,3,23.86,11.028385295486279
SOLUSDT,2023-02-12,21.49,6.1000000000000005,5,23.14,7.677989762680328
SOLUSDT,2023-02-12,21.49,6.1000000000000005,7,24.84,15.5886458818055
SOLUSDT,2023-02-12,21.49,6.1000000000000005,14,23.25,8.189855746859012
SOLUSDT,2023-02-12,21.49,6.1000000000000005,30,20.86,-2.9315960912052077
SOLUSDT,2023-02-13,20.77,6.0,1,21.84,5.151661049590758
SOLUSDT,2023-02-13,20.77,6.0,3,22.24,7.077515647568604
SOLUSDT,2023-02-13,20.77,6.0,5,23.45,12.903225806451612
SOLUSDT,2023-02-13,20.77,6.0,7,26.26,26.43235435724604
SOLUSDT,2023-02-13,20.77,6.0,14,22.68,9.195955705344247
SOLUSDT,2023-02-13,20.77,6.0,30,19.24,-7.366393837265292
SOLUSDT,2023-02-14,21.84,5.5,1,23.86,9.249084249084246
SOLUSDT,2023-02-14,21.84,5.5,3,23.14,5.952380952380955
SOLUSDT,2023-02-14,21.84,5.5,5,24.84,13.736263736263737
SOLUSDT,2023-02-14,21.84,5.5,7,24.98,14.37728937728938
SOLUSDT,2023-02-14,21.84,5.5,14,21.89,0.2289377289377322
SOLUSDT,2023-02-14,21.84,5.5,30,19.67,-9.935897435897427
SOLUSDT,2023-02-16,22.24,5.0,1,23.14,4.0467625899280675
SOLUSDT,2023-02-16,22.24,5.0,3,24.84,11.690647482014397
SOLUSDT,2023-02-16,22.24,5.0,5,24.98,12.320143884892095
SOLUSDT,2023-02-16,22.24,5.0,7,23.91,7.508992805755405
SOLUSDT,2023-02-16,22.24,5.0,14,22.0,-1.079136690647475
SOLUSDT,2023-02-16,22.24,5.0,30,21.2,-4.676258992805752
SOLUSDT,2023-02-21,24.98,5.1,1,24.16,-3.2826261008807056
SOLUSDT,2023-02-21,24.98,5.1,3,23.07,-7.6461168935148125
SOLUSDT,2023-02-21,24.98,5.1,5,23.25,-6.925540432345878
SOLUSDT,2023-02-21,24.98,5.1,7,21.89,-12.369895916733388
SOLUSDT,2023-02-21,24.98,5.1,14,20.25,-18.935148118494798
SOLUSDT,2023-02-21,24.98,5.1,30,22.16,-11.289031224979986
SOLUSDT,2023-03-08,18.41,5.3,1,17.33,-5.866376969038576
SOLUSDT,2023-03-08,18.41,5.3,3,18.07,-1.8468223791417702
SOLUSDT,2023-03-08,18.41,5.3,5,20.4,10.80934274850624
SOLUSDT,2023-03-08,18.41,5.3,7,19.24,4.508419337316667
SOLUSDT,2023-03-08,18.41,5.3,14,21.42,16.349809885931567
SOLUSDT,2023-03-08,18.41,5.3,30,20.44,11.026615969581755
SOLUSDT,2023-03-09,17.33,5.3,1,18.17,4.847085978072727
SOLUSDT,2023-03-09,17.33,5.3,3,20.2,16.56087709174842
SOLUSDT,2023-03-09,17.33,5.3,5,20.86,20.36930178880555
SOLUSDT,2023-03-09,17.33,5.3,7,19.67,13.50259665320256
SOLUSDT,2023-03-09,17.33,5.3,14,22.16,27.87074437391808
SOLUSDT,2023-03-09,17.33,5.3,30,20.04,15.63762261973457
SOLUSDT,2023-03-10,18.17,6.3,1,18.07,-0.5503577325261497
SOLUSDT,2023-03-10,18.17,6.3,3,20.4,12.272977435332947
SOLUSDT,2023-03-10,18.17,6.3,5,19.24,5.8888277380297005
SOLUSDT,2023-03-10,18.17,6.3,7,21.6,18.877270225646665
SOLUSDT,2023-03-10,18.17,6.3,14,20.66,13.703907539900925
SOLUSDT,2023-03-10,18.17,6.3,30,20.28,11.61254815630159
SOLUSDT,2023-03-11,18.07,5.3999999999999995,1,20.2,11.787493082457106
SOLUSDT,2023-03-11,18.07,5.3999999999999995,3,20.86,15.439955727725508
SOLUSDT,2023-03-11,18.07,5.3999999999999995,5,19.67,8.854454897620373
SOLUSDT,2023-03-11,18.07,5.3999999999999995,7,21.2,17.321527393469836
SOLUSDT,2023-03-11,18.07,5.3999999999999995,14,20.41,12.949640287769784
SOLUSDT,2023-03-11,18.07,5.3999999999999995,30,20.89,15.605976757055895
SOLUSDT,2023-03-12,20.2,5.0,1,20.4,0.9900990099009866
SOLUSDT,2023-03-12,20.2,5.0,3,19.24,-4.752475247524757
SOLUSDT,2023-03-12,20.2,5.0,5,21.6,6.930693069306941
SOLUSDT,2023-03-12,20.2,5.0,7,21.86,8.217821782178218
SOLUSDT,2023-03-12,20.2,5.0,14,20.94,3.6633663366336737
SOLUSDT,2023-03-12,20.2,5.0,30,22.98,13.76237623762377
SOLUSDT,2023-03-16,19.67,5.6000000000000005,1,21.6,9.811896288764615
SOLUSDT,2023-03-16,19.67,5.6000000000000005,3,21.86,11.133706151499734
SOLUSDT,2023-03-16,19.67,5.6000000000000005,5,22.53,14.539908490086423
SOLUSDT,2023-03-16,19.67,5.6000000000000005,7,22.16,12.658871377732577
SOLUSDT,2023-03-16,19.67,5.6000000000000005,14,20.55,4.473817996949664
SOLUSDT,2023-03-16,19.67,5.6000000000000005,30,24.05,22.267412302999485
SOLUSDT,2023-03-29,21.1,5.1,1,20.55,-2.6066350710900505
SOLUSDT,2023-03-29,21.1,5.1,3,21.08,-0.09478672985783472
SOLUSDT,2023-03-29,21.1,5.1,5,20.45,-3.0805687203791567
SOLUSDT,2023-03-29,21.1,5.1,7,20.97,-0.6161137440758415
SOLUSDT,2023-03-29,21.1,5.1,14,23.8,12.796208530805684
SOLUSDT,2023-03-29,21.1,5.1,30,23.34,10.616113744075822
SOLUSDT,2023-03-31,21.16,5.7,1,21.08,-0.3780718336484019
SOLUSDT,2023-03-31,21.16,5.7,3,20.45,-3.355387523629494
SOLUSDT,2023-03-31,21.16,5.7,5,20.97,-0.8979206049149399
SOLUSDT,2023-03-31,21.16,5.7,7,20.44,-3.402646502835533
SOLUSDT,2023-03-31,21.16,5.7,14,24.71,16.77693761814745
SOLUSDT,2023-03-31,21.16,5.7,30,22.74,7.466918714555757
SOLUSDT,2023-04-01,21.08,5.3,1,20.52,-2.6565464895635613
SOLUSDT,2023-04-01,21.08,5.3,3,20.92,-0.7590132827324317
SOLUSDT,2023-04-01,21.08,5.3,5,20.62,-2.182163187855775
SOLUSDT,2023-04-01,21.08,5.3,7,20.04,-4.933586337760907
SOLUSDT,2023-04-01,21.08,5.3,14,24.05,14.089184060721074
SOLUSDT,2023-04-01,21.08,5.3,30,21.96,4.174573055028476
SOLUSDT,2023-04-02,20.52,5.1000000000000005,1,20.45,-0.34113060428850045
SOLUSDT,2023-04-02,20.52,5.1000000000000005,3,20.97,2.1929824561403475
SOLUSDT,2023-04-02,20.52,5.1000000000000005,5,20.44,-0.3898635477582763
SOLUSDT,2023-04-02,20.52,5.1000000000000005,7,20.28,-1.1695906432748462
SOLUSDT,2023-04-02,20.52,5.1000000000000005,14,25.34,23.489278752436647
SOLUSDT,2023-04-02,20.52,5.1000000000000005,30,22.25,8.430799220272906
SOLUSDT,2023-04-04,20.92,6.0,1,20.97,0.2390057361376537
SOLUSDT,2023-04-04,20.92,6.0,3,20.44,-2.294455066921608
SOLUSDT,2023-04-04,20.92,6.0,5,20.28,-3.0592734225621436
SOLUSDT,2023-04-04,20.92,6.0,7,22.98,9.847036328871885
SOLUSDT,2023-04-04,20.92,6.0,14,24.82,18.642447418738044
SOLUSDT,2023-04-04,20.92,6.0,30,21.74,3.9196940726577276
SOLUSDT,2023-04-27,22.33,5.4,1,23.34,4.523063143752807
SOLUSDT,2023-04-27,22.33,5.4,3,22.74,1.836094939543216
SOLUSDT,2023-04-27,22.33,5.4,5,22.25,-0.3582624272279369
SOLUSDT,2023-04-27,22.33,5.4,7,21.74,-2.64218540080609
SOLUSDT,2023-04-27,22.33,5.4,14,20.17,-9.673085535154486
SOLUSDT,2023-04-27,22.33,5.4,30,20.43,-8.508732646663674
SOLUSDT,2023-04-28,23.34,5.0,1,23.19,-0.6426735218508937
SOLUSDT,2023-04-28,23.34,5.0,3,21.96,-5.912596401028273
SOLUSDT,2023-04-28,23.34,5.0,5,22.24,-4.712939160239937
SOLUSDT,2023-04-28,23.34,5.0,7,22.82,-2.227934875749784
SOLUSDT,2023-04-28,23.34,5.0,14,20.9,-10.454155955441308
SOLUSDT,2023-04-28,23.34,5.0,30,20.81,-10.839760068551847
SOLUSDT,2023-05-28,20.81,5.1,1,20.57,-1.1532916866890843
SOLUSDT,2023-05-28,20.81,5.1,3,20.81,0.0
SOLUSDT,2023-05-28,20.81,5.1,5,21.26,2.1624219125420607
SOLUSDT,2023-05-28,20.81,5.1,7,21.82,4.853435848149935
SOLUSDT,2023-05-28,20.81,5.1,14,15.55,-25.276309466602587
SOLUSDT,2023-05-28,20.81,5.1,30,16.63,-20.08649687650168
SOLUSDT,2023-06-10,15.61,5.0,1,15.55,-0.3843689942344569
SOLUSDT,2023-06-10,15.61,5.0,3,15.04,-3.65150544522742
SOLUSDT,2023-06-10,15.61,5.0,5,14.77,-5.381165919282511
SOLUSDT,2023-06-10,15.61,5.0,7,15.64,0.19218449711723984
SOLUSDT,2023-06-10,15.61,5.0,14,16.64,6.598334401024991
SOLUSDT,2023-06-10,15.61,5.0,30,21.3,36.450992953235115
SOLUSDT,2023-06-20,16.64,5.3,1,17.23,3.545673076923076
SOLUSDT,2023-06-20,16.64,5.3,3,17.13,2.944711538461529
SOLUSDT,2023-06-20,16.64,5.3,5,16.96,1.9230769230769247
SOLUSDT,2023-06-20,16.64,5.3,7,16.63,-0.060096153846163236
SOLUSDT,2023-06-20,16.64,5.3,14,19.13,14.9639423076923
SOLUSDT,2023-06-20,16.64,5.3,30,25.38,52.524038461538446
SOLUSDT,2023-07-26,25.17,5.2,1,25.1,-0.2781088597536761
SOLUSDT,2023-07-26,25.17,5.2,3,25.17,0.0
SOLUSDT,2023-07-26,25.17,5.2,5,23.73,-5.721096543504176
SOLUSDT,2023-07-26,25.17,5.2,7,23.15,-8.025427095748919
SOLUSDT,2023-07-26,25.17,5.2,14,24.38,-3.138657131505771
SOLUSDT,2023-07-26,25.17,5.2,30,20.42,-18.87167262614223
SOLUSDT,2023-07-28,24.82,5.0,1,25.17,1.4101531023368308
SOLUSDT,2023-07-28,24.82,5.0,3,23.73,-4.391619661563255
SOLUSDT,2023-07-28,24.82,5.0,5,23.15,-6.728444802578573
SOLUSDT,2023-07-28,24.82,5.0,7,22.8,-8.138597904915388
SOLUSDT,2023-07-28,24.82,5.0,14,24.62,-0.8058017727638972
SOLUSDT,2023-07-28,24.82,5.0,30,20.79,-16.236905721192592
SOLUSDT,2023-08-02,23.15,5.1000000000000005,1,22.65,-2.1598272138228944
SOLUSDT,2023-08-02,23.15,5.1000000000000005,3,22.65,-2.1598272138228944
SOLUSDT,2023-08-02,23.15,5.1000000000000005,5,23.12,-0.12958963282936323
SOLUSDT,2023-08-02,23.15,5.1000000000000005,7,24.38,5.313174946004322
SOLUSDT,2023-08-02,23.15,5.1000000000000005,14,22.82,-1.425485961123103
SOLUSDT,2023-08-02,23.15,5.1000000000000005,30,19.33,-16.501079913606915
SOLUSDT,2023-08-03,22.65,5.1000000000000005,1,22.8,0.6622516556291486
SOLUSDT,2023-08-03,22.65,5.1000000000000005,3,23.2,2.42825607064018
SOLUSDT,2023-08-03,22.65,5.1000000000000005,5,24.22,6.931567328918324
SOLUSDT,2023-08-03,22.65,5.1000000000000005,7,24.62,8.697571743929371
SOLUSDT,2023-08-03,22.65,5.1000000000000005,14,21.66,-4.370860927152311
SOLUSDT,2023-08-03,22.65,5.1000000000000005,30,19.5,-13.907284768211914
SOLUSDT,2023-08-04,22.8,5.1000000000000005,1,22.65,-0.6578947368421146
SOLUSDT,2023-08-04,22.8,5.1000000000000005,3,23.12,1.4035087719298258
SOLUSDT,2023-08-04,22.8,5.1000000000000005,5,24.38,6.9298245614035014
SOLUSDT,2023-08-04,22.8,5.1000000000000005,7,24.62,7.9824561403508785
SOLUSDT,2023-08-04,22.8,5.1000000000000005,14,21.34,-6.403508771929828
SOLUSDT,2023-08-04,22.8,5.1000000000000005,30,19.57,-14.16666666666667
SOLUSDT,2023-08-05,22.65,5.1000000000000005,1,23.2,2.42825607064018
SOLUSDT,2023-08-05,22.65,5.1000000000000005,3,24.22,6.931567328918324
SOLUSDT,2023-08-05,22.65,5.1000000000000005,5,24.62,8.697571743929371
SOLUSDT,2023-08-05,22.65,5.1000000000000005,7,24.91,9.977924944812369
SOLUSDT,2023-08-05,22.65,5.1000000000000005,14,21.9,-3.3112582781456954
SOLUSDT,2023-08-05,22.65,5.1000000000000005,30,19.52,-13.818984547461366
SOLUSDT,2023-09-07,19.92,5.7,1,19.61,-1.5562248995984047
SOLUSDT,2023-09-07,19.92,5.7,3,18.24,-8.433734939759052
SOLUSDT,2023-09-07,19.92,5.7,5,17.92,-10.04016064257028
SOLUSDT,2023-09-07,19.92,5.7,7,18.85,-5.3714859437751015
SOLUSDT,2023-09-07,19.92,5.7,14,19.46,-2.309236947791169
SOLUSDT,2023-09-07,19.92,5.7,30,23.3,16.96787148594377
SOLUSDT,2023-09-08,19.61,5.6000000000000005,1,19.44,-0.8669046404895366
SOLUSDT,2023-09-08,19.61,5.6000000000000005,3,17.72,-9.637939826619075
SOLUSDT,2023-09-08,19.61,5.6000000000000005,5,18.4,-6.170321264660892
SOLUSDT,2023-09-08,19.61,5.6000000000000005,7,19.14,-2.396736359000504
SOLUSDT,2023-09-08,19.61,5.6000000000000005,14,19.43,-0.9178990311065769
SOLUSDT,2023-09-08,19.61,5.6000000000000005,30,23.22,18.408975012748595
SOLUSDT,2023-09-09,19.44,5.2,1,18.24,-6.172839506172854
SOLUSDT,2023-09-09,19.44,5.2,3,17.92,-7.818930041152261
SOLUSDT,2023-09-09,19.44,5.2,5,18.85,-3.034979423868312
SOLUSDT,2023-09-09,19.44,5.2,7,19.12,-1.646090534979425
SOLUSDT,2023-09-09,19.44,5.2,14,19.49,0.2572016460905203
SOLUSDT,2023-09-09,19.44,5.2,30,22.1,13.68312757201646
SOLUSDT,2023-09-13,18.4,5.2,1,18.85,2.445652173913059
SOLUSDT,2023-09-13,18.4,5.2,3,19.12,3.913043478260883
SOLUSDT,2023-09-13,18.4,5.2,5,19.64,6.73913043478262
SOLUSDT,2023-09-13,18.4,5.2,7,20.29,10.271739130434787
SOLUSDT,2023-09-13,18.4,5.2,14,19.14,4.021739130434794
SOLUSDT,2023-09-13,18.4,5.2,30,21.84,18.695652173913054
SOLUSDT,2023-10-18,23.42,5.1,1,24.93,6.447480785653278
SOLUSDT,2023-10-18,23.42,5.1,3,29.32,25.192143467122108
SOLUSDT,2023-10-18,23.42,5.1,5,31.88,36.12297181895814
SOLUSDT,2023-10-18,23.42,5.1,7,32.44,38.51409052092227
SOLUSDT,2023-10-18,23.42,5.1,14,41.15,75.70452604611442
SOLUSDT,2023-10-18,23.42,5.1,30,58.51,149.82920580700255
SOLUSDT,2024-01-08,97.88,5.5,1,99.36,1.5120555782590968
SOLUSDT,2024-01-08,97.88,5.5,3,99.9,2.063751532488772
SOLUSDT,2024-01-08,97.88,5.5,5,95.85,-2.073968124233757
SOLUSDT,2024-01-08,97.88,5.5,7,94.36,-3.596240294237838
SOLUSDT,2024-01-08,97.88,5.5,14,83.84,-14.344094809971386
SOLUSDT,2024-01-08,97.88,5.5,30,101.14,3.330608908868007
SOLUSDT,2024-01-09,99.36,5.8,1,102.0,2.657004830917875
SOLUSDT,2024-01-09,99.36,5.8,3,92.12,-7.286634460547499
SOLUSDT,2024-01-09,99.36,5.8,5,93.81,-5.585748792270529
SOLUSDT,2024-01-09,99.36,5.8,7,97.61,-1.7612721417069241
SOLUSDT,2024-01-09,99.36,5.8,14,84.35,-15.106682769726254
SOLUSDT,2024-01-09,99.36,5.8,30,102.76,3.4219001610306012
SOLUSDT,2024-01-10,102.0,5.0,1,99.9,-2.058823529411759
SOLUSDT,2024-01-10,102.0,5.0,3,95.85,-6.029411764705888
SOLUSDT,2024-01-10,102.0,5.0,5,94.36,-7.490196078431373
SOLUSDT,2024-01-10,102.0,5.0,7,102.1,0.09803921568626893
SOLUSDT,2024-01-10,102.0,5.0,14,88.77,-12.970588235294123
SOLUSDT,2024-01-10,102.0,5.0,30,106.94,4.843137254901959
SOLUSDT,2024-01-11,99.9,5.1,1,92.12,-7.787787787787788
SOLUSDT,2024-01-11,99.9,5.1,3,93.81,-6.096096096096099
SOLUSDT,2024-01-11,99.9,5.1,5,97.61,-2.292292292292298
SOLUSDT,2024-01-11,99.9,5.1,7,94.4,-5.505505505505505
SOLUSDT,2024-01-11,99.9,5.1,14,86.91,-13.00300300300301
SOLUSDT,2024-01-11,99.9,5.1,30,109.01,9.119119119119118
SOLUSDT,2024-01-12,92.12,5.1000000000000005,1,95.85,4.0490664350846615
SOLUSDT,2024-01-12,92.12,5.1000000000000005,3,94.36,2.4316109422492347
SOLUSDT,2024-01-12,92.12,5.1000000000000005,5,102.1,10.833695180199728
SOLUSDT,2024-01-12,92.12,5.1000000000000005,7,93.62,1.628310898827616
SOLUSDT,2024-01-12,92.12,5.1000000000000005,14,92.28,0.17368649587494203
SOLUSDT,2024-01-12,92.12,5.1000000000000005,30,107.46,16.65219279201041
SOLUSDT,2024-01-31,96.96,5.3,1,97.81,0.8766501650165105
SOLUSDT,2024-01-31,96.96,5.3,3,97.96,1.0313531353135312
SOLUSDT,2024-01-31,96.96,5.3,5,95.66,-1.3407590759075878
SOLUSDT,2024-01-31,96.96,5.3,7,101.14,4.311056105610568
SOLUSDT,2024-01-31,96.96,5.3,14,116.97,20.63737623762377
SOLUSDT,2024-01-31,96.96,5.3,30,129.43,33.48803630363038
SOLUSDT,2024-02-27,108.36,5.3,1,119.03,9.846806939830197
SOLUSDT,2024-02-27,108.36,5.3,3,129.43,19.44444444444445
SOLUSDT,2024-02-27,108.36,5.3,5,130.16,20.118124769287558
SOLUSDT,2024-02-27,108.36,5.3,7,125.31,15.642303433001109
SOLUSDT,2024-02-27,108.36,5.3,14,151.05,39.39645625692138
SOLUSDT,2024-02-27,108.36,5.3,30,189.63,75.0
SOLUSDT,2024-04-09,172.42,5.1000000000000005,1,173.31,0.5161814174689797
SOLUSDT,2024-04-09,172.42,5.1000000000000005,3,153.16,-11.170397865676831
SOLUSDT,2024-04-09,172.42,5.1000000000000005,5,151.25,-12.278157986312486
SOLUSDT,2024-04-09,172.42,5.1000000000000005,7,136.22,-20.99524417120983
SOLUSDT,2024-04-09,172.42,5.1000000000000005,14,154.75,-10.2482310636817
SOLUSDT,2024-04-09,172.42,5.1000000000000005,30,152.57,-11.512585546920308
SOLUSDT,2024-04-10,173.31,5.4,1,172.37,-0.5423807050949153
SOLUSDT,2024-04-10,173.31,5.4,3,138.47,-20.102706133517977
SOLUSDT,2024-04-10,173.31,5.4,5,138.51,-20.079626103513938
SOLUSDT,2024-04-10,173.31,5.4,7,131.84,-23.928221106687438
SOLUSDT,2024-04-10,173.31,5.4,14,147.78,-14.730829150077895
SOLUSDT,2024-04-10,173.31,5.4,30,146.01,-15.752120477756629
SOLUSDT,2024-04-11,172.37,5.4,1,153.16,-11.144630736207
SOLUSDT,2024-04-11,172.37,5.4,3,151.25,-12.252712188895982
SOLUSDT,2024-04-11,172.37,5.4,5,136.22,-20.972326971050652
SOLUSDT,2024-04-11,172.37,5.4,7,142.07,-17.57846493009225
SOLUSDT,2024-04-11,172.37,5.4,14,144.84,-15.971456750014504
SOLUSDT,2024-04-11,172.37,5.4,30,145.42,-15.634971282705818
SOLUSDT,2024-04-12,153.16,5.7,1,138.47,-9.591277095847477
SOLUSDT,2024-04-12,153.16,5.7,3,138.51,-9.56516061634892
SOLUSDT,2024-04-12,153.16,5.7,5,131.84,-13.92008357273439
SOLUSDT,2024-04-12,153.16,5.7,7,142.5,-6.960041786367195
SOLUSDT,2024-04-12,153.16,5.7,14,139.23,-9.095063985374777
SOLUSDT,2024-04-12,153.16,5.7,30,143.43,-6.352833638025587
SOLUSDT,2024-04-13,138.47,5.4,1,151.25,9.2294359789124
SOLUSDT,2024-04-13,138.47,5.4,3,136.22,-1.6249007005127463
SOLUSDT,2024-04-13,138.47,5.4,5,142.07,2.59984112082039
SOLUSDT,2024-04-13,138.47,5.4,7,151.22,9.207770636238896
SOLUSDT,2024-04-13,138.47,5.4,14,141.31,2.050985773091647
SOLUSDT,2024-04-13,138.47,5.4,30,147.54,6.5501552682891555
SOLUSDT,2024-04-14,151.25,6.4,1,138.51,-8.423140495867774
SOLUSDT,2024-04-14,151.25,6.4,3,131.84,-12.833057851239667
SOLUSDT,2024-04-14,151.25,6.4,5,142.5,-5.785123966942149
SOLUSDT,2024-04-14,151.25,6.4,7,148.8,-1.6198347107437943
SOLUSDT,2024-04-14,151.25,6.4,14,137.99,-8.766942148760325
SOLUSDT,2024-04-14,151.25,6.4,30,142.03,-6.09586776859504
SOLUSDT,2024-04-15,138.51,5.5,1,136.22,-1.6533102303082754
SOLUSDT,2024-04-15,138.51,5.5,3,142.07,2.5702115370731375
SOLUSDT,2024-04-15,138.51,5.5,5,151.22,9.176232762977408
SOLUSDT,2024-04-15,138.51,5.5,7,156.95,13.313118186412531
SOLUSDT,2024-04-15,138.51,5.5,14,137.77,-0.534257454335413
SOLUSDT,2024-04-15,138.51,5.5,30,158.52,14.446610353043116
SOLUSDT,2024-04-16,136.22,5.2,1,131.84,-3.215386874174127
SOLUSDT,2024-04-16,136.22,5.2,3,142.5,4.610189399500808
SOLUSDT,2024-04-16,136.22,5.2,5,148.8,9.235060930847167
SOLUSDT,2024-04-16,136.22,5.2,7,154.75,13.60299515489649
SOLUSDT,2024-04-16,136.22,5.2,14,126.77,-6.9373072970195295
SOLUSDT,2024-04-16,136.22,5.2,30,159.37,16.994567611217153
SOLUSDT,2024-04-17,131.84,5.1,1,142.07,7.7594053398058165
SOLUSDT,2024-04-17,131.84,5.1,3,151.22,14.699635922330092
SOLUSDT,2024-04-17,131.84,5.1,5,156.95,19.045813106796107
SOLUSDT,2024-04-17,131.84,5.1,7,147.78,12.09041262135922
SOLUSDT,2024-04-17,131.84,5.1,14,134.64,2.123786407766977
SOLUSDT,2024-04-17,131.84,5.1,30,169.44,28.519417475728147
SOLUSDT,2024-04-18,142.07,5.9,1,142.5,0.3026676990216139
SOLUSDT,2024-04-18,142.07,5.9,3,148.8,4.737101428873103
SOLUSDT,2024-04-18,142.07,5.9,5,154.75,8.925177729288384
SOLUSDT,2024-04-18,142.07,5.9,7,144.84,1.9497430843950239
SOLUSDT,2024-04-18,142.07,5.9,14,137.58,-3.1604138804814395
SOLUSDT,2024-04-18,142.07,5.9,30,172.4,21.348630956570712
SOLUSDT,2024-04-19,142.5,5.0,1,151.22,6.119298245614034
SOLUSDT,2024-04-19,142.5,5.0,3,156.95,10.140350877192974
SOLUSDT,2024-04-19,142.5,5.0,5,147.78,3.7052631578947377
SOLUSDT,2024-04-19,142.5,5.0,7,139.23,-2.2947368421052703
SOLUSDT,2024-04-19,142.5,5.0,14,143.69,0.835087719298244
SOLUSDT,2024-04-19,142.5,5.0,30,169.93,19.24912280701755
SOLUSDT,2024-04-23,154.75,5.1000000000000005,1,147.78,-4.504038772213247
SOLUSDT,2024-04-23,154.75,5.1000000000000005,3,139.23,-10.029079159935387
SOLUSDT,2024-04-23,154.75,5.1000000000000005,5,137.99,-10.830371567043613
SOLUSDT,2024-04-23,154.75,5.1000000000000005,7,126.77,-18.080775444264948
SOLUSDT,2024-04-23,154.75,5.1000000000000005,14,148.03,-4.34248788368336
SOLUSDT,2024-04-23,154.75,5.1000000000000005,30,176.16,13.835218093699513
SOLUSDT,2024-04-24,147.78,5.4,1,144.84,-1.9894437677628891
SOLUSDT,2024-04-24,147.78,5.4,3,141.31,-4.378129652185681
SOLUSDT,2024-04-24,147.78,5.4,5,137.77,-6.773582352145074
SOLUSDT,2024-04-24,147.78,5.4,7,134.64,-8.891595615103542
SOLUSDT,2024-04-24,147.78,5.4,14,142.18,-3.78941670050074
SOLUSDT,2024-04-24,147.78,5.4,30,167.7,13.479496548924066
SOLUSDT,2024-05-03,143.69,5.4,1,146.05,1.6424246642076787
SOLUSDT,2024-05-03,143.69,5.4,3,152.82,6.353956433989836
SOLUSDT,2024-05-03,143.69,5.4,5,142.18,-1.050873408031172
SOLUSDT,2024-05-03,143.69,5.4,7,146.01,1.6145869580346532
SOLUSDT,2024-05-03,143.69,5.4,14,169.44,17.920523348876053
SOLUSDT,2024-05-03,143.69,5.4,30,163.15,13.543044053170025
SOLUSDT,2024-05-07,148.03,5.0,1,142.18,-3.95190164155914
SOLUSDT,2024-05-07,148.03,5.0,3,146.01,-1.3645882591366685
SOLUSDT,2024-05-07,148.03,5.0,5,143.43,-3.107478213875562
SOLUSDT,2024-05-07,148.03,5.0,7,142.03,-4.053232452881172
SOLUSDT,2024-05-07,148.03,5.0,14,178.15,20.34722691346349
SOLUSDT,2024-05-07,148.03,5.0,30,170.15,14.942916976288592
SOLUSDT,2024-06-03,164.89,5.2,1,171.78,4.178543271271766
SOLUSDT,2024-06-03,164.89,5.2,3,170.15,3.1900054581842556
SOLUSDT,2024-06-03,164.89,5.2,5,157.83,-4.281642306992525
SOLUSDT,2024-06-03,164.89,5.2,7,159.05,-3.541755109466903
SOLUSDT,2024-06-03,164.89,5.2,14,143.27,-13.111771484019636
SOLUSDT,2024-06-03,164.89,5.2,30,140.84,-14.58548122991084
SOLUSDT,2024-06-04,171.78,5.7,1,173.54,1.0245663057398946
SOLUSDT,2024-06-04,171.78,5.7,3,162.5,-5.4022587029922
SOLUSDT,2024-06-04,171.78,5.7,5,162.12,-5.623471882640585
SOLUSDT,2024-06-04,171.78,5.7,7,149.31,-13.080684596577017
SOLUSDT,2024-06-04,171.78,5.7,14,137.41,-20.008149959250208
SOLUSDT,2024-06-04,171.78,5.7,30,127.86,-25.56758644778205
SOLUSDT,2024-06-07,162.5,5.2,1,157.83,-2.8738461538461464
SOLUSDT,2024-06-07,162.5,5.2,3,159.05,-2.123076923076916
SOLUSDT,2024-06-07,162.5,5.2,5,155.22,-4.48
SOLUSDT,2024-06-07,162.5,5.2,7,143.05,-11.969230769230762
SOLUSDT,2024-06-07,162.5,5.2,14,134.6,-17.169230769230772
SOLUSDT,2024-06-07,162.5,5.2,30,131.64,-18.99076923076924
SOLUSDT,2024-06-18,137.41,5.0,1,135.62,-1.3026708390946744
SOLUSDT,2024-06-18,137.41,5.0,3,134.6,-2.0449748926570135
SOLUSDT,2024-06-18,137.41,5.0,5,128.69,-6.345971908885815
SOLUSDT,2024-06-18,137.41,5.0,7,136.58,-0.6040317298595329
SOLUSDT,2024-06-18,137.41,5.0,14,154.03,12.09518957863329
SOLUSDT,2024-06-18,137.41,5.0,30,159.22,15.872207262935742
SOLUSDT,2024-06-24,132.33,5.3,1,136.58,3.2116678001964787
SOLUSDT,2024-06-24,132.33,5.3,3,149.71,13.133832086450536
SOLUSDT,2024-06-24,132.33,5.3,5,140.28,6.007708002720462
SOLUSDT,2024-06-24,132.33,5.3,7,146.67,10.83654500113351
SOLUSDT,2024-06-24,132.33,5.3,14,139.81,5.6525353283457935
SOLUSDT,2024-06-24,132.33,5.3,30,178.06,34.5575455301141
SOLUSDT,2024-06-27,149.71,5.1,1,140.03,-6.465833945628219
SOLUSDT,2024-06-27,149.71,5.1,3,146.61,-2.070669961926387
SOLUSDT,2024-06-27,149.71,5.1,5,154.03,2.8855787856522563
SOLUSDT,2024-06-27,149.71,5.1,7,127.86,-14.594883441319888
SOLUSDT,2024-06-27,149.71,5.1,14,135.73,-9.3380535702358
SOLUSDT,2024-06-27,149.71,5.1,30,183.92,22.850844966936062
SOLUSDT,2024-07-04,127.86,5.1,1,134.32,5.0524010636633765
SOLUSDT,2024-07-04,127.86,5.1,3,131.64,2.9563585171280984
SOLUSDT,2024-07-04,127.86,5.1,5,141.42,10.605349601126223
SOLUSDT,2024-07-04,127.86,5.1,7,135.73,6.155169716877828
SOLUSDT,2024-07-04,127.86,5.1,14,159.22,24.526826216173937
SOLUSDT,2024-07-04,127.86,5.1,30,142.52,11.465665571719077
SOLUSDT,2024-07-08,139.81,5.3,1,141.42,1.151562835276436
SOLUSDT,2024-07-08,139.81,5.3,3,135.73,-2.9182461912595756
SOLUSDT,2024-07-08,139.81,5.3,5,141.9,1.494885916601104
SOLUSDT,2024-07-08,139.81,5.3,7,159.38,13.997568128173945
SOLUSDT,2024-07-08,139.81,5.3,14,178.9,27.959373435376584
SOLUSDT,2024-07-08,139.81,5.3,30,144.77,3.5476718403547727
SOLUSDT,2024-07-12,139.46,5.2,1,141.9,1.749605621683635
SOLUSDT,2024-07-12,139.46,5.2,3,159.38,14.283665567187715
SOLUSDT,2024-07-12,139.46,5.2,5,155.5,11.501505808117017
SOLUSDT,2024-07-12,139.46,5.2,7,169.13,21.274917539079297
SOLUSDT,2024-07-12,139.46,5.2,14,183.06,31.263444715330557
SOLUSDT,2024-07-12,139.46,5.2,30,141.57,1.5129786318657574
SOLUSDT,2024-08-02,152.77,5.0,1,142.52,-6.709432480198991
SOLUSDT,2024-08-02,152.77,5.0,3,129.78,-15.048766119002426
SOLUSDT,2024-08-02,152.77,5.0,5,144.77,-5.236630228447994
SOLUSDT,2024-08-02,152.77,5.0,7,156.28,2.2975715127315515
SOLUSDT,2024-08-02,152.77,5.0,14,139.04,-8.98736662957388
SOLUSDT,2024-08-02,152.77,5.0,30,128.5,-15.886626955554107
SOLUSDT,2024-08-03,142.52,5.0,1,138.33,-2.9399382542800994
SOLUSDT,2024-08-03,142.52,5.0,3,144.4,1.3191131069323572
SOLUSDT,2024-08-03,142.52,5.0,5,163.13,14.46112826269996
SOLUSDT,2024-08-03,142.52,5.0,7,154.01,8.062026382262125
SOLUSDT,2024-08-03,142.52,5.0,14,141.93,-0.4139769856862218
SOLUSDT,2024-08-03,142.52,5.0,30,134.94,-5.318551782206014
SOLUSDT,2024-08-04,138.33,5.3,1,129.78,-6.180871828236833
SOLUSDT,2024-08-04,138.33,5.3,3,144.77,4.65553386828598
SOLUSDT,2024-08-04,138.33,5.3,5,156.28,12.976216294368529
SOLUSDT,2024-08-04,138.33,5.3,7,141.57,2.3422251138581514
SOLUSDT,2024-08-04,138.33,5.3,14,142.42,2.956697751753036
SOLUSDT,2024-08-04,138.33,5.3,30,127.54,-7.8001879563363
SOLUSDT,2024-08-05,129.78,5.0,1,144.4,11.26521806133457
SOLUSDT,2024-08-05,129.78,5.0,3,163.13,25.69733394976113
SOLUSDT,2024-08-05,129.78,5.0,5,154.01,18.670057019571576
SOLUSDT,2024-08-05,129.78,5.0,7,146.29,12.721528740946209
SOLUSDT,2024-08-05,129.78,5.0,14,144.29,11.180459238711657
SOLUSDT,2024-08-05,129.78,5.0,30,133.64,2.9742641393126714
SOLUSDT,2024-08-07,144.77,5.2,1,163.13,12.68218553567727
SOLUSDT,2024-08-07,144.77,5.2,3,154.01,6.382537818608814
SOLUSDT,2024-08-07,144.77,5.2,5,146.29,1.0499412861780628
SOLUSDT,2024-08-07,144.77,5.2,7,143.71,-0.7321958969399753
SOLUSDT,2024-08-07,144.77,5.2,14,142.79,-1.3676866754161898
SOLUSDT,2024-08-07,144.77,5.2,30,125.05,-13.6216066864682
SOLUSDT,2024-08-23,153.26,5.1,1,160.67,4.83492104919744
SOLUSDT,2024-08-23,153.26,5.1,3,157.12,2.51859585018923
SOLUSDT,2024-08-23,153.26,5.1,5,143.95,-6.074644395145507
SOLUSDT,2024-08-23,153.26,5.1,7,137.99,-9.963460785593098
SOLUSDT,2024-08-23,153.26,5.1,14,125.05,-18.40662925747096
SOLUSDT,2024-08-23,153.26,5.1,30,144.63,-5.630953934490406
SOLUSDT,2024-09-05,129.41,5.2,1,125.05,-3.3691368518661613
SOLUSDT,2024-09-05,129.41,5.2,3,130.15,0.5718259794451813
SOLUSDT,2024-09-05,129.41,5.2,5,135.63,4.806429178579707
SOLUSDT,2024-09-05,129.41,5.2,7,136.05,5.130979058805359
SOLUSDT,2024-09-05,129.41,5.2,14,142.89,10.416505679622896
SOLUSDT,2024-09-05,129.41,5.2,30,142.59,10.184684336604596
SOLUSDT,2024-09-07,127.71,5.2,1,130.15,1.9105786547647108
SOLUSDT,2024-09-07,127.71,5.2,3,135.63,6.2015503875969005
SOLUSDT,2024-09-07,127.71,5.2,5,136.05,6.530420483908871
SOLUSDT,2024-09-07,127.71,5.2,7,137.14,7.383916686242261
SOLUSDT,2024-09-07,127.71,5.2,14,149.41,16.991621642784434
SOLUSDT,2024-09-07,127.71,5.2,30,143.96,12.724140631117386
SOLUSDT,2024-09-11,132.42,5.0,1,136.05,2.741277752605365
SOLUSDT,2024-09-11,132.42,5.0,3,137.14,3.564416251321552
SOLUSDT,2024-09-11,132.42,5.0,5,131.47,-0.7174142878719142
SOLUSDT,2024-09-11,132.42,5.0,7,134.34,1.449932034435898
SOLUSDT,2024-09-11,132.42,5.0,14,147.98,11.750490862407494
SOLUSDT,2024-09-11,132.42,5.0,30,145.53,9.900317172632544
SOLUSDT,2024-12-05,235.84,6.0,1,236.87,0.436736770691995
SOLUSDT,2024-12-05,235.84,6.0,3,237.02,0.5003392130257831
SOLUSDT,2024-12-05,235.84,6.0,5,213.6,-9.430122116689285
SOLUSDT,2024-12-05,235.84,6.0,7,226.96,-3.765264586160107
SOLUSDT,2024-12-05,235.84,6.0,14,193.81,-17.82140434192673
SOLUSDT,2024-12-05,235.84,6.0,30,216.67,-8.128392130257808
SOLUSDT,2024-12-10,213.6,5.4,1,227.29,6.409176029962546
SOLUSDT,2024-12-10,213.6,5.4,3,224.79,5.238764044943819
SOLUSDT,2024-12-10,213.6,5.4,5,224.27,4.9953183520599325
SOLUSDT,2024-12-10,213.6,5.4,7,223.15,4.470973782771541
SOLUSDT,2024-12-10,213.6,5.4,14,197.09,-7.729400749063667
SOLUSDT,2024-12-10,213.6,5.4,30,184.95,-13.41292134831461
SOLUSDT,2024-12-12,226.96,5.300000000000001,1,224.79,-0.9561156150863658
SOLUSDT,2024-12-12,226.96,5.300000000000001,3,224.27,-1.1852308776876974
SOLUSDT,2024-12-12,226.96,5.300000000000001,5,223.15,-1.678709904829046
SOLUSDT,2024-12-12,226.96,5.300000000000001,7,193.81,-14.606097990835393
SOLUSDT,2024-12-12,226.96,5.300000000000001,14,188.46,-16.963341557983785
SOLUSDT,2024-12-12,226.96,5.300000000000001,30,188.09,-17.126365879450127
SOLUSDT,2024-12-17,223.15,5.4,1,206.53,-7.447904996639034
SOLUSDT,2024-12-17,223.15,5.4,3,194.48,-12.847860183732923
SOLUSDT,2024-12-17,223.15,5.4,5,180.52,-19.103741877660763
SOLUSDT,2024-12-17,223.15,5.4,7,197.09,-11.678243334080216
SOLUSDT,2024-12-17,223.15,5.4,14,189.31,-15.164687429979834
SOLUSDT,2024-12-17,223.15,5.4,30,211.14,-5.382030024647107
SOLUSDT,2024-12-19,193.81,5.2,1,194.48,0.34569939631597313
SOLUSDT,2024-12-19,193.81,5.2,3,180.52,-6.857231309013978
SOLUSDT,2024-12-19,193.81,5.2,5,197.09,1.692379134203602
SOLUSDT,2024-12-19,193.81,5.2,7,188.46,-2.7604354780455056
SOLUSDT,2024-12-19,193.81,5.2,14,208.31,7.4815540993756775
SOLUSDT,2024-12-19,193.81,5.2,30,261.97,35.16846395954802
SOLUSDT,2024-12-20,194.48,5.4,1,181.45,-6.699917729329495
SOLUSDT,2024-12-20,194.48,5.4,3,190.11,-2.2470176881941466
SOLUSDT,2024-12-20,194.48,5.4,5,197.44,1.5220074043603498
SOLUSDT,2024-12-20,194.48,5.4,7,184.22,-5.275606746194978
SOLUSDT,2024-12-20,194.48,5.4,14,217.99,12.088646647470187
SOLUSDT,2024-12-20,194.48,5.4,30,252.42,29.79226655697244
SOLUSDT,2025-01-01,194.28,5.1000000000000005,1,208.31,7.221535927527281
SOLUSDT,2025-01-01,194.28,5.1000000000000005,3,216.67,11.524603664813664
SOLUSDT,2025-01-01,194.28,5.1000000000000005,5,218.22,12.322421247683755
SOLUSDT,2025-01-01,194.28,5.1000000000000005,7,197.48,1.6471072678608134
SOLUSDT,2025-01-01,194.28,5.1000000000000005,14,205.86,5.960469425571347
SOLUSDT,2025-01-01,194.28,5.1000000000000005,30,231.77,19.296891085031916
SOLUSDT,2025-01-15,205.86,5.3,1,211.14,2.564849897988911
SOLUSDT,2025-01-15,205.86,5.3,3,261.97,27.25638783639367
SOLUSDT,2025-01-15,205.86,5.3,5,242.19,17.647916059457874
SOLUSDT,2025-01-15,205.86,5.3,7,257.36,25.0170018459147
SOLUSDT,2025-01-15,205.86,5.3,14,228.16,10.832604682794123
SOLUSDT,2025-01-15,205.86,5.3,30,199.39,-3.1429126590887138
SOLUSDT,2025-02-02,203.51,5.3,1,216.28,6.274875927472857
SOLUSDT,2025-02-02,203.51,5.3,3,196.12,-3.6312711906048776
SOLUSDT,2025-02-02,203.51,5.3,5,191.99,-5.660655496044412
SOLUSDT,2025-02-02,203.51,5.3,7,200.47,-1.4937840892339405
SOLUSDT,2025-02-02,203.51,5.3,14,188.27,-7.488575499975422
SOLUSDT,2025-02-02,203.51,5.3,30,144.79,-28.853618986781974
SOLUSDT,2025-02-03,216.28,6.1000000000000005,1,206.64,-4.457185130386543
SOLUSDT,2025-02-03,216.28,6.1000000000000005,3,189.54,-12.363602737192531
SOLUSDT,2025-02-03,216.28,6.1000000000000005,5,199.32,-7.8416867024227885
SOLUSDT,2025-02-03,216.28,6.1000000000000005,7,200.47,-7.309968559275015
SOLUSDT,2025-02-03,216.28,6.1000000000000005,14,177.53,-17.91658960606621
SOLUSDT,2025-02-03,216.28,6.1000000000000005,30,146.28,-32.36545219160348
SOLUSDT,2025-02-24,141.81,5.0,1,144.33,1.7770255976306395
SOLUSDT,2025-02-24,141.81,5.0,3,137.68,-2.912347507227978
SOLUSDT,2025-02-24,141.81,5.0,5,143.66,1.3045624427050238
SOLUSDT,2025-02-24,141.81,5.0,7,142.16,0.2468091107820283
SOLUSDT,2025-02-24,141.81,5.0,14,118.32,-16.564417177914116
SOLUSDT,2025-02-24,141.81,5.0,30,137.34,-3.152104929130526
SOLUSDT,2025-02-25,144.33,5.3,1,135.32,-6.242638398115443
SOLUSDT,2025-02-25,144.33,5.3,3,148.18,2.667498094644214
SOLUSDT,2025-02-25,144.33,5.3,5,178.71,23.82041155684888
SOLUSDT,2025-02-25,144.33,5.3,7,144.79,0.3187140580613729
SOLUSDT,2025-02-25,144.33,5.3,14,125.35,-13.150419178272028
SOLUSDT,2025-02-25,144.33,5.3,30,138.43,-4.087854222961273
SOLUSDT,2025-02-27,137.68,5.1,1,148.18,7.62638001162115
SOLUSDT,2025-02-27,137.68,5.1,3,178.71,29.800987797791983
SOLUSDT,2025-02-27,137.68,5.1,5,144.79,5.16414875072631
SOLUSDT,2025-02-27,137.68,5.1,7,143.31,4.08919233004067
SOLUSDT,2025-02-27,137.68,5.1,14,123.37,-10.393666472980827
SOLUSDT,2025-02-27,137.68,5.1,30,124.58,-9.514816966879728
SOLUSDT,2025-02-28,148.18,5.3,1,143.66,-3.050344176002166
SOLUSDT,2025-02-28,148.18,5.3,3,142.16,-4.0626265352949185
SOLUSDT,2025-02-28,148.18,5.3,5,146.28,-1.2822243217708231
SOLUSDT,2025-02-28,148.18,5.3,7,139.39,-5.93197462545554
SOLUSDT,2025-02-28,148.18,5.3,14,133.54,-9.879875826697269
SOLUSDT,2025-02-28,148.18,5.3,30,124.82,-15.764610608719135
SOLUSDT,2025-03-02,178.71,5.8,1,142.16,-20.452129147781328
SOLUSDT,2025-03-02,178.71,5.8,3,146.28,-18.14671814671815
SOLUSDT,2025-03-02,178.71,5.8,5,139.39,-22.002126349952448
SOLUSDT,2025-03-02,178.71,5.8,7,126.51,-29.209333557159646
SOLUSDT,2025-03-02,178.71,5.8,14,126.13,-29.42196855240334
SOLUSDT,2025-03-02,178.71,5.8,30,126.67,-29.119803032846512
SOLUSDT,2025-03-03,142.16,5.3,1,144.79,1.85002813731007
SOLUSDT,2025-03-03,142.16,5.3,3,143.31,0.8089476646032678
SOLUSDT,2025-03-03,142.16,5.3,5,137.01,-3.6226786719189685
SOLUSDT,2025-03-03,142.16,5.3,7,118.32,-16.769836803601578
SOLUSDT,2025-03-03,142.16,5.3,14,128.01,-9.953573438379296
SOLUSDT,2025-03-03,142.16,5.3,30,117.42,-17.402926280247605
SOLUSDT,2025-03-04,144.79,5.8,1,146.28,1.0290765936874158
SOLUSDT,2025-03-04,144.79,5.8,3,139.39,-3.7295393328268567
SOLUSDT,2025-03-04,144.79,5.8,5,126.51,-12.625181297050894
SOLUSDT,2025-03-04,144.79,5.8,7,125.35,-13.42634159817667
SOLUSDT,2025-03-04,144.79,5.8,14,125.33,-13.440154706816765
SOLUSDT,2025-03-04,144.79,5.8,30,117.17,-19.07590303197734
SOLUSDT,2025-03-05,146.28,5.2,1,143.31,-2.0303527481542236
SOLUSDT,2025-03-05,146.28,5.2,3,137.01,-6.337161607875315
SOLUSDT,2025-03-05,146.28,5.2,5,118.32,-19.114027891714525
SOLUSDT,2025-03-05,146.28,5.2,7,126.62,-13.43997812414547
SOLUSDT,2025-03-05,146.28,5.2,14,135.33,-7.485643970467589
SOLUSDT,2025-03-05,146.28,5.2,30,122.79,-16.05824446267432
SOLUSDT,2025-03-14,133.54,5.7,1,135.86,1.7373071738805015
SOLUSDT,2025-03-14,133.54,5.7,3,128.01,-4.141081323947882
SOLUSDT,2025-03-14,133.54,5.7,5,135.33,1.3404223453647002
SOLUSDT,2025-03-14,133.54,5.7,7,128.48,-3.789126853377267
SOLUSDT,2025-03-14,133.54,5.7,14,129.49,-3.0327991612999727
SOLUSDT,2025-03-14,133.54,5.7,30,128.38,-3.8640107832859045
SOLUSDT,2025-03-16,126.13,5.0,1,128.01,1.4905256481408036
SOLUSDT,2025-03-16,126.13,5.0,3,135.33,7.294061682391198
SOLUSDT,2025-03-16,126.13,5.0,5,128.48,1.8631570601760044
SOLUSDT,2025-03-16,126.13,5.0,7,132.84,5.319908031396185
SOLUSDT,2025-03-16,126.13,5.0,14,124.82,-1.0386109569491813
SOLUSDT,2025-03-16,126.13,5.0,30,126.11,-0.015856655831282027
SOLUSDT,2025-03-17,128.01,5.2,1,125.33,-2.093586438559482
SOLUSDT,2025-03-17,128.01,5.2,3,127.6,-0.3202874775408145
SOLUSDT,2025-03-17,128.01,5.2,5,128.51,0.39059448480587455
SOLUSDT,2025-03-17,128.01,5.2,7,141.01,10.155456604952738
SOLUSDT,2025-03-17,128.01,5.2,14,124.54,-2.710725724552758
SOLUSDT,2025-03-17,128.01,5.2,30,131.33,2.593547379111024
SOLUSDT,2025-04-02,117.42,5.5,1,117.17,-0.21291091807187873
SOLUSDT,2025-04-02,117.42,5.5,3,120.32,2.469766649633786
SOLUSDT,2025-04-02,117.42,5.5,5,106.99,-8.882643501958785
SOLUSDT,2025-04-02,117.42,5.5,7,119.05,1.3881791858286454
SOLUSDT,2025-04-02,117.42,5.5,14,131.33,11.846363481519342
SOLUSDT,2025-04-02,117.42,5.5,30,148.05,26.085845682166592
SOLUSDT,2025-04-04,122.79,5.0,1,120.32,-2.0115644596465616
SOLUSDT,2025-04-04,122.79,5.0,3,106.99,-12.867497353204667
SOLUSDT,2025-04-04,122.79,5.0,5,119.05,-3.045850639302882
SOLUSDT,2025-04-04,122.79,5.0,7,121.41,-1.123870021988769
SOLUSDT,2025-04-04,122.79,5.0,14,134.04,9.161983874908367
SOLUSDT,2025-04-04,122.79,5.0,30,143.95,17.232673670494325
SOLUSDT,2025-04-07,106.99,5.7,1,105.4,-1.4861201981493497
SOLUSDT,2025-04-07,106.99,5.7,3,112.81,5.439760725301437
SOLUSDT,2025-04-07,106.99,5.7,5,132.24,23.600336480044877
SOLUSDT,2025-04-07,106.99,5.7,7,129.42,20.964576128610144
SOLUSDT,2025-04-07,106.99,5.7,14,136.56,27.638097018412942
SOLUSDT,2025-04-07,106.99,5.7,30,147.32,37.69511169268156
SOLUSDT,2025-05-08,164.46,5.1,1,172.78,5.058980907211476
SOLUSDT,2025-05-08,164.46,5.1,3,173.19,5.308281649033193
SOLUSDT,2025-05-08,164.46,5.1,5,183.75,11.729295877416995
SOLUSDT,2025-05-08,164.46,5.1,7,169.16,2.857837772102632
SOLUSDT,2025-05-08,164.46,5.1,14,179.68,9.254529976894077
SOLUSDT,2025-05-08,164.46,5.1,30,150.06,-8.755928493250643
SOLUSDT,2025-05-30,156.2,5.1000000000000005,1,156.45,0.16005121638924458
SOLUSDT,2025-05-30,156.2,5.1000000000000005,3,156.83,0.40332906530091156
SOLUSDT,2025-05-30,156.2,5.1000000000000005,5,153.26,-1.8822023047375145
SOLUSDT,2025-05-30,156.2,5.1000000000000005,7,147.83,-5.358514724711893
SOLUSDT,2025-05-30,156.2,5.1000000000000005,14,148.6,-4.865556978233031
SOLUSDT,2025-05-30,156.2,5.1000000000000005,30,153.32,-1.8437900128040945
SOLUSDT,2025-06-02,156.83,5.1000000000000005,1,155.19,-1.0457182936938179
SOLUSDT,2025-06-02,156.83,5.1000000000000005,3,144.29,-7.995919148122183
SOLUSDT,2025-06-02,156.83,5.1000000000000005,5,150.06,-4.316776127016521
SOLUSDT,2025-06-02,156.83,5.1000000000000005,7,161.16,2.7609513485940087
SOLUSDT,2025-06-02,156.83,5.1000000000000005,14,150.72,-3.8959382771153566
SOLUSDT,2025-06-02,156.83,5.1000000000000005,30,152.27,-2.9076069629535177
SOLUSDT,2025-06-05,144.29,5.1,1,147.83,2.4533924734909007
SOLUSDT,2025-06-05,144.29,5.1,3,152.45,5.655277566012889
SOLUSDT,2025-06-05,144.29,5.1,5,165.12,14.436204865202033
SOLUSDT,2025-06-05,144.29,5.1,7,152.32,5.5651812322406276
SOLUSDT,2025-06-05,144.29,5.1,14,147.04,1.9058839836440502
SOLUSDT,2025-06-05,144.29,5.1,30,147.55,2.2593388315198695
SOLUSDT,2025-06-06,147.83,5.2,1,150.06,1.5084894811607856
SOLUSDT,2025-06-06,147.83,5.2,3,161.16,9.017114252858
SOLUSDT,2025-06-06,147.83,5.2,5,160.97,8.888588243252373
SOLUSDT,2025-06-06,147.83,5.2,7,148.6,0.5208685652438488
SOLUSDT,2025-06-06,147.83,5.2,14,140.11,-5.222214706081309
SOLUSDT,2025-06-06,147.83,5.2,30,151.86,2.7261043090035857
SOLUSDT,2025-06-07,150.06,5.6000000000000005,1,152.45,1.5926962548313919
SOLUSDT,2025-06-07,150.06,5.6000000000000005,3,165.12,10.035985605757698
SOLUSDT,2025-06-07,150.06,5.6000000000000005,5,152.32,1.5060642409702725
SOLUSDT,2025-06-07,150.06,5.6000000000000005,7,144.64,-3.611888577902183
SOLUSDT,2025-06-07,150.06,5.6000000000000005,14,135.43,-9.749433559909367
SOLUSDT,2025-06-07,150.06,5.6000000000000005,30,148.88,-0.7863521258163447
SOLUSDT,2025-06-11,160.97,5.7,1,152.32,-5.373672112816056
SOLUSDT,2025-06-11,160.97,5.7,3,144.64,-10.144747468472394
SOLUSDT,2025-06-11,160.97,5.7,5,150.72,-6.367646145244456
SOLUSDT,2025-06-11,160.97,5.7,7,146.34,-9.088650059017207
SOLUSDT,2025-06-11,160.97,5.7,14,143.57,-10.809467602658884
SOLUSDT,2025-06-11,160.97,5.7,30,162.93,1.2176181897247984
SOLUSDT,2025-06-23,144.51,5.0,1,145.92,0.9757110234585818
SOLUSDT,2025-06-23,144.51,5.0,3,139.06,-3.771365303439201
SOLUSDT,2025-06-23,144.51,5.0,5,150.72,4.297280465019727
SOLUSDT,2025-06-23,144.51,5.0,7,154.81,7.127534426683282
SOLUSDT,2025-06-23,144.51,5.0,14,148.88,3.024012179087956
SOLUSDT,2025-06-23,144.51,5.0,30,189.4,31.063594214933232
SOLUSDT,2025-06-28,150.72,5.3,1,153.32,1.7250530785562594
SOLUSDT,2025-06-28,150.72,5.3,3,146.88,-2.5477707006369448
SOLUSDT,2025-06-28,150.72,5.3,5,152.36,1.0881104033970375
SOLUSDT,2025-06-28,150.72,5.3,7,147.55,-2.103237791932051
SOLUSDT,2025-06-28,150.72,5.3,14,160.69,6.614915074309978
SOLUSDT,2025-06-28,150.72,5.3,30,183.11,21.490180467091307
SOLUSDT,2025-08-01,162.71,5.1000000000000005,1,158.48,-2.5997172884272746
SOLUSDT,2025-08-01,162.71,5.1000000000000005,3,169.55,4.203798168520683
SOLUSDT,2025-08-01,162.71,5.1000000000000005,5,168.09,3.3064962202691874
SOLUSDT,2025-08-01,162.71,5.1000000000000005,7,176.78,8.647286583492097
SOLUSDT,2025-08-01,162.71,5.1000000000000005,14,185.72,14.141724540593689
SOLUSDT,2025-08-01,162.71,5.1000000000000005,30,200.62,23.29912113576301
SOLUSDT,2025-08-04,169.55,5.6000000000000005,1,164.09,-3.220289000294903
SOLUSDT,2025-08-04,169.55,5.6000000000000005,3,175.36,3.426717782365085
SOLUSDT,2025-08-04,169.55,5.6000000000000005,5,179.95,6.133883810085507
SOLUSDT,2025-08-04,169.55,5.6000000000000005,7,174.84,3.120023591860803
SOLUSDT,2025-08-04,169.55,5.6000000000000005,14,182.94,7.897375405485099
SOLUSDT,2025-08-04,169.55,5.6000000000000005,30,210.77,24.311412562665875
SOLUSDT,2025-08-05,164.09,5.5,1,168.09,2.4376866353830215
SOLUSDT,2025-08-05,164.09,5.5,3,176.78,7.733560850752634
SOLUSDT,2025-08-05,164.09,5.5,5,182.66,11.316960204765673
SOLUSDT,2025-08-05,164.09,5.5,7,191.78,16.874885733438965
SOLUSDT,2025-08-05,164.09,5.5,14,176.22,7.39228472179901
SOLUSDT,2025-08-05,164.09,5.5,30,202.32,23.29819001767322
SOLUSDT,2025-08-10,182.66,5.1,1,174.84,-4.281178145187777
SOLUSDT,2025-08-10,182.66,5.1,3,201.51,10.319719697799187
SOLUSDT,2025-08-10,182.66,5.1,5,185.72,1.6752436220300024
SOLUSDT,2025-08-10,182.66,5.1,7,190.99,4.560385415526121
SOLUSDT,2025-08-10,182.66,5.1,14,205.98,12.766889302529286
SOLUSDT,2025-08-10,182.66,5.1,30,217.21,18.91492390233221
SOLUSDT,2025-08-22,200.69,5.3999999999999995,1,204.14,1.7190692112212809
SOLUSDT,2025-08-22,200.69,5.3999999999999995,3,187.2,-6.72180975634063
SOLUSDT,2025-08-22,200.69,5.3999999999999995,5,202.95,1.1261149035826354
SOLUSDT,2025-08-22,200.69,5.3999999999999995,7,205.08,2.187453286162746
SOLUSDT,2025-08-22,200.69,5.3999999999999995,14,203.36,1.3304100852060472
SOLUSDT,2025-08-22,200.69,5.3999999999999995,30,236.16,17.67402461507798
SOLUSDT,2025-08-25,187.2,5.1,1,195.86,4.62606837606839
SOLUSDT,2025-08-25,187.2,5.1,3,214.43,14.545940170940181
SOLUSDT,2025-08-25,187.2,5.1,5,202.7,8.279914529914532
SOLUSDT,2025-08-25,187.2,5.1,7,197.32,5.405982905982909
SOLUSDT,2025-08-25,187.2,5.1,14,214.11,14.375000000000016
SOLUSDT,2025-08-25,187.2,5.1,30,211.6,13.034188034188038
SOLUSDT,2025-09-25,192.74,5.4,1,205.17,6.449102417764853
SOLUSDT,2025-09-25,192.74,5.4,3,210.83,9.385700944277266
SOLUSDT,2025-09-25,192.74,5.4,5,208.68,8.270208571132095
SOLUSDT,2025-09-25,192.74,5.4,7,234.74,21.791013800975406
SOLUSDT,2025-09-25,192.74,5.4,14,220.93,14.625920929749919
SOLUSDT,2025-09-25,192.74,5.4,30,193.84,0.5707170281207815
SOLUSDT,2025-09-26,205.17,5.7,1,203.46,-0.8334551835063507
SOLUSDT,2025-09-26,205.17,5.7,3,212.75,3.6944972461860957
SOLUSDT,2025-09-26,205.17,5.7,5,222.04,8.222449675878543
SOLUSDT,2025-09-26,205.17,5.7,7,232.84,13.486377150655562
SOLUSDT,2025-09-26,205.17,5.7,14,188.43,-8.159087585904363
SOLUSDT,2025-09-26,205.17,5.7,30,200.03,-2.505239557440165
SOLUSDT,2025-10-04,227.86,5.4,1,228.56,0.30720617923285726
SOLUSDT,2025-10-04,227.86,5.4,3,219.97,-3.4626525059246966
SOLUSDT,2025-10-04,227.86,5.4,5,220.93,-3.041341174405339
SOLUSDT,2025-10-04,227.86,5.4,7,177.62,-22.048626349512862
SOLUSDT,2025-10-04,227.86,5.4,14,187.56,-17.68629860440622
SOLUSDT,2025-10-04,227.86,5.4,30,166.06,-27.12191696655842
SOLUSDT,2025-10-05,228.56,5.3,1,232.35,1.6582079103955163
SOLUSDT,2025-10-05,228.56,5.3,3,229.02,0.20126006300315363
SOLUSDT,2025-10-05,228.56,5.3,5,188.43,-17.55775288764438
SOLUSDT,2025-10-05,228.56,5.3,7,197.0,-13.808190409520476
SOLUSDT,2025-10-05,228.56,5.3,14,187.86,-17.807140357017843
SOLUSDT,2025-10-05,228.56,5.3,30,155.03,-32.17098354917746
SOLUSDT,2025-11-09,164.53,5.0,1,167.31,1.6896614599161253
SOLUSDT,2025-11-09,164.53,5.0,3,153.42,-6.752567920743946
SOLUSDT,2025-11-09,164.53,5.0,5,138.92,-15.565550355558265
SOLUSDT,2025-11-09,164.53,5.0,7,137.17,-16.629186166656545
SOLUSDT,2025-11-09,164.53,5.0,14,130.58,-20.634534735306623
SOLUSDT,2025-11-09,164.53,5.0,30,137.88,-16.197653923296667
SOLUSDT,2025-11-16,137.17,5.1,1,130.99,-4.50535831450024
SOLUSDT,2025-11-16,137.17,5.1,3,137.06,-0.08019246190856982
SOLUSDT,2025-11-16,137.17,5.1,5,128.68,-6.189400014580434
SOLUSDT,2025-11-16,137.17,5.1,7,130.58,-4.804257490704947
SOLUSDT,2025-11-16,137.17,5.1,14,133.48,-2.690092585842384
SOLUSDT,2025-11-16,137.17,5.1,30,129.15,-5.846759495516499
SOLUSDT,2025-11-17,130.99,5.1,1,140.69,7.405145430948918
SOLUSDT,2025-11-17,130.99,5.1,3,133.67,2.045957706695151
SOLUSDT,2025-11-17,130.99,5.1,5,127.59,-2.5956179861058137
SOLUSDT,2025-11-17,130.99,5.1,7,138.44,5.687457057790661
SOLUSDT,2025-11-17,130.99,5.1,14,126.66,-3.305595847011231
SOLUSDT,2025-11-17,130.99,5.1,30,123.27,-5.893579662569672
SOLUSDT,2025-11-19,137.06,5.0,1,133.67,-2.4733693273019224
SOLUSDT,2025-11-19,137.06,5.0,3,127.59,-6.909382752079381
SOLUSDT,2025-11-19,137.06,5.0,5,138.44,1.0068583102290933
SOLUSDT,2025-11-19,137.06,5.0,7,143.02,4.348460528235814
SOLUSDT,2025-11-19,137.06,5.0,14,144.67,5.552312855683631
SOLUSDT,2025-11-19,137.06,5.0,30,126.27,-7.872464614037653
SOLUSDT,2025-11-20,133.67,5.1,1,128.68,-3.733073988179832
SOLUSDT,2025-11-20,133.67,5.1,3,130.58,-2.31166305079672
SOLUSDT,2025-11-20,133.67,5.1,5,138.96,3.9575072940824576
SOLUSDT,2025-11-20,133.67,5.1,7,140.85,5.3714371212688015
SOLUSDT,2025-11-20,133.67,5.1,14,139.01,3.9949128450662106
SOLUSDT,2025-11-20,133.67,5.1,30,125.81,-5.8801526146480025
SOLUSDT,2025-11-21,128.68,5.8,1,127.59,-0.847062480571964
SOLUSDT,2025-11-21,128.68,5.8,3,138.44,7.584706248057188
SOLUSDT,2025-11-21,128.68,5.8,5,143.02,11.143922909543054
SOLUSDT,2025-11-21,128.68,5.8,7,137.33,6.722101336649056
SOLUSDT,2025-11-21,128.68,5.8,14,133.29,3.5825303077401185
SOLUSDT,2025-11-21,128.68,5.8,30,126.03,-2.059372085794222
SOLUSDT,2025-11-22,127.59,5.1000000000000005,1,130.58,2.3434438435614147
SOLUSDT,2025-11-22,127.59,5.1000000000000005,3,138.96,8.911356689395724
SOLUSDT,2025-11-22,127.59,5.1000000000000005,5,140.85,10.392664001881018
SOLUSDT,2025-11-22,127.59,5.1000000000000005,7,135.91,6.5208872168665195
SOLUSDT,2025-11-22,127.59,5.1000000000000005,14,132.19,3.605298220863699
SOLUSDT,2025-11-22,127.59,5.1000000000000005,30,125.93,-1.3010424014421165
SOLUSDT,2025-11-24,138.44,6.3,1,138.96,0.37561398439758037
SOLUSDT,2025-11-24,138.44,6.3,3,140.85,1.7408263507656723
SOLUSDT,2025-11-24,138.44,6.3,5,135.91,-1.8275065010112692
SOLUSDT,2025-11-24,138.44,6.3,7,126.66,-8.509101415775788
SOLUSDT,2025-11-24,138.44,6.3,14,133.25,-3.7489164981219285
SOLUSDT,2025-11-24,138.44,6.3,30,122.53,-11.492343253394969
SOLUSDT,2025-12-01,126.66,5.1,1,138.68,9.489973156481929
SOLUSDT,2025-12-01,126.66,5.1,3,139.01,9.750513184904465
SOLUSDT,2025-12-01,126.66,5.1,5,132.19,4.3660192641718
SOLUSDT,2025-12-01,126.66,5.1,7,133.25,5.202905416074533
SOLUSDT,2025-12-01,126.66,5.1,14,127.81,0.9079425232907039
SOLUSDT,2025-12-01,126.66,5.1,30,124.65,-1.5869256276646069
SOLUSDT,2025-12-10,136.26,5.2,1,136.41,0.11008366358432828
SOLUSDT,2025-12-10,136.26,5.2,3,133.14,-2.289740202553945
SOLUSDT,2025-12-10,136.26,5.2,5,127.81,-6.2013797152502494
SOLUSDT,2025-12-10,136.26,5.2,7,123.27,-9.533245266402462
SOLUSDT,2025-12-10,136.26,5.2,14,122.53,-10.076324673418458
SOLUSDT,2025-12-10,136.26,5.2,30,135.97,-0.21282841626302074
SOLUSDT,2025-12-15,127.81,5.1,1,129.15,1.0484312651592234
SOLUSDT,2025-12-15,127.81,5.1,3,119.6,-6.423597527580008
SOLUSDT,2025-12-15,127.81,5.1,5,125.81,-1.5648227838197324
SOLUSDT,2025-12-15,127.81,5.1,7,125.93,-1.470933416790545
SOLUSDT,2025-12-15,127.81,5.1,14,123.28,-3.544323605351695
SOLUSDT,2025-12-15,127.81,5.1,30,146.69,14.77192707925827
SOLUSDT,2025-12-21,126.03,5.7,1,125.93,-0.07934618741569016
SOLUSDT,2025-12-21,126.03,5.7,3,122.53,-2.777116559549314
SOLUSDT,2025-12-21,126.03,5.7,5,122.26,-2.9913512655716863
SOLUSDT,2025-12-21,126.03,5.7,7,125.27,-0.6030310243592836
SOLUSDT,2025-12-21,126.03,5.7,14,134.12,6.419106561929702
SOLUSDT,2025-12-21,126.03,5.7,30,125.8,-0.1824962310561009
SOLUSDT,2025-12-22,125.93,5.5,1,124.01,-1.524656555229097
SOLUSDT,2025-12-22,125.93,5.5,3,120.06,-4.661319780830624
SOLUSDT,2025-12-22,125.93,5.5,5,124.73,-0.952910347018187
SOLUSDT,2025-12-22,125.93,5.5,7,123.28,-2.1043436829984956
SOLUSDT,2025-12-22,125.93,5.5,14,137.9,9.50528071150639
SOLUSDT,2025-12-22,125.93,5.5,30,129.54,2.866671960613027
SOLUSDT,2025-12-23,124.01,5.3,1,122.53,-1.1934521409563776
SOLUSDT,2025-12-23,124.01,5.3,3,122.26,-1.41117651802274
SOLUSDT,2025-12-23,124.01,5.3,5,125.27,1.0160470929763654
SOLUSDT,2025-12-23,124.01,5.3,7,125.01,0.80638658172728
SOLUSDT,2025-12-23,124.01,5.3,14,141.08,13.765018950084675
SOLUSDT,2025-12-23,124.01,5.3,30,128.47,3.596484154503664
SOLUSDT,2025-12-24,122.53,5.5,1,120.06,-2.0158328572594457
SOLUSDT,2025-12-24,122.53,5.5,3,124.73,1.7954786582877684
SOLUSDT,2025-12-24,122.53,5.5,5,123.28,0.6120949971435568
SOLUSDT,2025-12-24,122.53,5.5,7,124.65,1.7301885252591238
SOLUSDT,2025-12-24,122.53,5.5,14,136.39,11.311515547212915
SOLUSDT,2025-12-24,122.53,5.5,30,127.43,3.9990206480045747
SOLUSDT,2025-12-26,122.26,6.4,1,124.73,2.0202846392933083
SOLUSDT,2025-12-26,122.26,6.4,3,123.28,0.8342875838377195
SOLUSDT,2025-12-26,122.26,6.4,5,124.65,1.9548503189923117
SOLUSDT,2025-12-26,122.26,6.4,7,132.29,8.203827907737598
SOLUSDT,2025-12-26,122.26,6.4,14,135.97,11.213806641583506
SOLUSDT,2025-12-26,122.26,6.4,30,118.85,-2.7891379028300434
SOLUSDT,2025-12-27,124.73,5.2,1,125.27,0.4329351399021823
SOLUSDT,2025-12-27,124.73,5.2,3,125.01,0.22448488735669134
SOLUSDT,2025-12-27,124.73,5.2,5,126.9,1.7397578770143522
SOLUSDT,2025-12-27,124.73,5.2,7,133.37,6.926962238435019
SOLUSDT,2025-12-27,124.73,5.2,14,135.84,8.907239637617252
SOLUSDT,2025-12-27,124.73,5.2,30,124.24,-0.39284855287421555
SOLUSDT,2025-12-29,123.28,5.8,1,125.01,1.4033095392602237
SOLUSDT,2025-12-29,123.28,5.8,3,126.9,2.936404931862431
SOLUSDT,2025-12-29,123.28,5.8,5,133.37,8.184620376378977
SOLUSDT,2025-12-29,123.28,5.8,7,137.9,11.85918234912395
SOLUSDT,2025-12-29,123.28,5.8,14,139.22,12.929915639195325
SOLUSDT,2025-12-29,123.28,5.8,30,125.35,1.6791044776119348
SOLUSDT,2025-12-30,125.01,5.0,1,124.65,-0.2879769618430521
SOLUSDT,2025-12-30,125.01,5.0,3,132.29,5.823534117270608
SOLUSDT,2025-12-30,125.01,5.0,5,134.12,7.287417006639468
SOLUSDT,2025-12-30,125.01,5.0,7,141.08,12.854971602271823
SOLUSDT,2025-12-30,125.01,5.0,14,145.51,16.398688104951592
SOLUSDT,2025-12-30,125.01,5.0,30,117.82,-5.751539876809864
SOLUSDT,2026-01-20,125.8,5.0,1,129.54,2.972972972972969
SOLUSDT,2026-01-20,125.8,5.0,3,127.43,1.2957074721780681
SOLUSDT,2026-01-20,125.8,5.0,5,118.85,-5.524642289348174
SOLUSDT,2026-01-20,125.8,5.0,7,127.19,1.104928457869635
SOLUSDT,2026-01-20,125.8,5.0,14,97.89,-22.186009538950714
SOLUSDT,2026-01-20,125.8,5.0,30,82.5,-34.41971383147854
SOLUSDT,2026-01-29,117.82,5.1,1,117.59,-0.19521303683584262
SOLUSDT,2026-01-29,117.82,5.1,3,100.79,-14.454252249193674
SOLUSDT,2026-01-29,117.82,5.1,5,97.89,-16.915634017993543
SOLUSDT,2026-01-29,117.82,5.1,7,78.35,-33.50025462570022
SOLUSDT,2026-01-29,117.82,5.1,14,78.4,-33.45781700899676
SOLUSDT,2026-01-29,117.82,5.1,30,84.35,-28.40774062128671
SOLUSDT,2026-01-30,117.59,5.1,1,105.58,-10.21345352495961
SOLUSDT,2026-01-30,117.59,5.1,3,104.55,-11.089378348499027
SOLUSDT,2026-01-30,117.59,5.1,5,92.12,-21.6600051024747
SOLUSDT,2026-01-30,117.59,5.1,7,87.46,-25.62292711965304
SOLUSDT,2026-01-30,117.59,5.1,14,84.33,-28.284718088272815
SOLUSDT,2026-01-30,117.59,5.1,30,83.6,-28.905519176800752
SOLUSDT,2026-01-31,105.58,5.3,1,100.79,-4.5368440992612165
SOLUSDT,2026-01-31,105.58,5.3,3,97.89,-7.283576434930857
SOLUSDT,2026-01-31,105.58,5.3,5,78.35,-25.790869482856603
SOLUSDT,2026-01-31,105.58,5.3,7,87.59,-17.03921197196438
SOLUSDT,2026-01-31,105.58,5.3,14,88.06,-16.59405190376965
SOLUSDT,2026-01-31,105.58,5.3,30,86.64,-17.939003599166504
SOLUSDT,2026-02-02,104.55,5.1,1,97.89,-6.370157819225248
SOLUSDT,2026-02-02,104.55,5.1,3,78.35,-25.059780009564804
SOLUSDT,2026-02-02,104.55,5.1,5,87.59,-16.22190339550454
SOLUSDT,2026-02-02,104.55,5.1,7,86.77,-17.00621712099474
SOLUSDT,2026-02-02,104.55,5.1,14,86.45,-17.312290769966516
SOLUSDT,2026-02-02,104.55,5.1,30,90.85,-13.103778096604499
SOLUSDT,2026-02-05,78.35,5.1,1,87.46,11.627313337587747
SOLUSDT,2026-02-05,78.35,5.1,3,86.99,11.027440970006383
SOLUSDT,2026-02-05,78.35,5.1,5,82.99,5.922144224633058
SOLUSDT,2026-02-05,78.35,5.1,7,78.4,0.06381620931718107
SOLUSDT,2026-02-05,78.35,5.1,14,82.5,5.296745373324832
SOLUSDT,2026-02-05,78.35,5.1,30,83.22,6.2156987874920295
SOLUSDT,2026-02-06,87.46,6.1,1,87.59,0.14863937800138313
SOLUSDT,2026-02-06,87.46,6.1,3,86.77,-0.7889320832380491
SOLUSDT,2026-02-06,87.46,6.1,5,79.3,-9.329979419163042
SOLUSDT,2026-02-06,87.46,6.1,7,84.33,-3.5787788703407224
SOLUSDT,2026-02-06,87.46,6.1,14,84.67,-3.1900297278755914
SOLUSDT,2026-02-06,87.46,6.1,30,81.59,-6.711639606677328
SOLUSDT,2026-02-15,86.16,5.5,1,86.45,0.33658310120706386
SOLUSDT,2026-02-15,86.16,5.5,3,81.61,-5.280872794800368
SOLUSDT,2026-02-15,86.16,5.5,5,84.67,-1.7293407613741818
SOLUSDT,2026-02-15,86.16,5.5,7,82.79,-3.911327762302682
SOLUSDT,2026-02-15,86.16,5.5,14,83.6,-2.9712163416898822
SOLUSDT,2026-02-15,86.16,5.5,30,94.62,9.818941504178284
SOLUSDT,2026-02-16,86.45,5.0,1,85.08,-1.584731058415274
SOLUSDT,2026-02-16,86.45,5.0,3,82.5,-4.569115095430888
SOLUSDT,2026-02-16,86.45,5.0,5,85.17,-1.4806246385193766
SOLUSDT,2026-02-16,86.45,5.0,7,77.9,-9.890109890109887
SOLUSDT,2026-02-16,86.45,5.0,14,86.64,0.21978021978021714
SOLUSDT,2026-02-16,86.45,5.0,30,90.08,4.198958935801036
SOLUSDT,2026-02-17,85.08,5.0,1,81.61,-4.078514339445227
SOLUSDT,2026-02-17,85.08,5.0,3,84.67,-0.4818993888105273
SOLUSDT,2026-02-17,85.08,5.0,5,82.79,-2.6915843911612507
SOLUSDT,2026-02-17,85.08,5.0,7,78.99,-7.157968970380822
SOLUSDT,2026-02-17,85.08,5.0,14,86.97,2.2214386459802546
SOLUSDT,2026-02-17,85.08,5.0,30,88.89,4.478138222849086
SOLUSDT,2026-02-23,77.9,5.5,1,78.99,1.3992297817714878
SOLUSDT,2026-02-23,77.9,5.5,3,85.91,10.282413350449282
SOLUSDT,2026-02-23,77.9,5.5,5,84.35,8.279845956354286
SOLUSDT,2026-02-23,77.9,5.5,7,86.64,11.219512195121943
SOLUSDT,2026-02-23,77.9,5.5,14,84.96,9.062901155327326
SOLUSDT,2026-02-23,77.9,5.5,30,91.7,17.715019255455708
SOLUSDT,2026-02-24,78.99,5.2,1,88.06,11.482466134953802
SOLUSDT,2026-02-24,78.99,5.2,3,81.85,3.6207114824661346
SOLUSDT,2026-02-24,78.99,5.2,5,83.6,5.836181795163944
SOLUSDT,2026-02-24,78.99,5.2,7,86.97,10.102544625902018
SOLUSDT,2026-02-24,78.99,5.2,14,85.88,8.722623116850235
SOLUSDT,2026-02-24,78.99,5.2,30,86.53,9.545512090138
SOLUSDT,2026-02-25,88.06,5.1,1,85.91,-2.441517147399507
SOLUSDT,2026-02-25,88.06,5.1,3,84.35,-4.213036565977752
SOLUSDT,2026-02-25,88.06,5.1,5,86.64,-1.6125369066545558
SOLUSDT,2026-02-25,88.06,5.1,7,90.85,3.168294344764924
SOLUSDT,2026-02-25,88.06,5.1,14,86.58,-1.6806722689075675
SOLUSDT,2026-02-25,88.06,5.1,30,83.11,-5.621167385873271
SOLUSDT,2026-02-28,84.35,6.0,1,83.6,-0.8891523414344993
SOLUSDT,2026-02-28,84.35,6.0,3,86.97,3.1061055127445227
SOLUSDT,2026-02-28,84.35,6.0,5,88.77,5.240071132187317
SOLUSDT,2026-02-28,84.35,6.0,7,83.22,-1.3396561944279735
SOLUSDT,2026-02-28,84.35,6.0,14,88.03,4.362774155305284
SOLUSDT,2026-02-28,84.35,6.0,30,84.16,-0.22525192649673711
SOLUSDT,2026-03-23,91.43,5.2,1,90.8,-0.6890517335666735
SOLUSDT,2026-03-23,91.43,5.2,3,86.53,-5.359291261074051
SOLUSDT,2026-03-23,91.43,5.2,5,82.09,-10.215465383353388
SOLUSDT,2026-03-23,91.43,5.2,7,84.16,-7.951438258777217
SOLUSDT,2026-03-25,91.7,5.6,1,86.53,-5.637949836423121
SOLUSDT,2026-03-25,91.7,5.6,3,82.09,-10.479825517993456
SOLUSDT,2026-03-25,91.7,5.6,5,84.16,-8.222464558342429
SOLUSDT,2026-03-26,86.53,5.1,1,83.11,-3.952386455564546
SOLUSDT,2026-03-26,86.53,5.1,3,81.44,-5.882352941176475
